Id,MS SubClass,MS Zoning,Lot Frontage,Lot Area,Street,Alley,Lot Shape,Land Contour,Utilities,Lot Config,Land Slope,Neighborhood,Condition 1,Condition 2,Bldg Type,House Style,Overall Qual,Overall Cond,Year Built,Year Remod/Add,Roof Style,Roof Matl,Exterior 1st,Exterior 2nd,Mas Vnr Type,Mas Vnr Area,Exter Qual,Exter Cond,Foundation,Bsmt Qual,Bsmt Cond,Bsmt Exposure,BsmtFin Type 1,BsmtFin SF 1,BsmtFin Type 2,Bsmt Unf SF,Total Bsmt SF,Heating,Heating QC,Central Air,Electrical,1st Flr SF,2nd Flr SF,Low Qual Fin SF,Gr Liv Area,Bsmt Full Bath,Bsmt Half Bath,Full Bath,Half Bath,Bedroom AbvGr,Kitchen AbvGr,Kitchen Qual,TotRms AbvGrd,Functional,Fireplaces,Fireplace Qu,Garage Type,Garage Yr Blt,Garage Finish,Garage Cars,Garage Area,Garage Qual,Garage Cond,Paved Drive,Wood Deck SF,Open Porch SF,Enclosed Porch,3Ssn Porch,Screen Porch,Pool Area,Pool QC,Fence,Misc Feature,Misc Val,Mo Sold,Yr Sold,Sale Type,SalePrice
2461,20*,FV,72.0,8640,Pave,DNE,0,Lvl,4,Inside,0,Somerst,Norm,Norm,1Fam,1Story,8,5,2006,2006,Gable,CompShg,VinylSd,VinylSd,DNE,0.0,4,3,PConc,Gd,TA,No,GLQ,24.0,Unf,1254.0,1278.0,GasA,5,Y,SBrkr,1278,0,0,1278,0.0,0.0,2,0,2,1,4,5,8,0,DNE,Attchd,2006.0,RFn,2.0,584.0,TA,TA,3,0,60,0,0,0,0,DNE,DNE,DNE,0,10,2006,New,198600
2814,60*,RL,68.0,8846,Pave,DNE,0,Lvl,4,Inside,0,CollgCr,Norm,Norm,1Fam,2Story,6,5,2005,2006,Gable,CompShg,VinylSd,VinylSd,DNE,0.0,3,3,PConc,Gd,TA,No,Unf,0.0,Unf,750.0,750.0,GasA,5,Y,SBrkr,750,750,0,1500,0.0,0.0,2,1,3,1,4,6,8,0,DNE,Attchd,2005.0,RFn,2.0,564.0,TA,TA,3,0,35,0,0,0,0,DNE,DNE,DNE,0,8,2006,New,173900
2267,60*,RL,0.0,9303,Pave,DNE,1,Lvl,4,Corner,0,Timber,Norm,Norm,1Fam,2Story,6,5,1996,1997,Hip,CompShg,VinylSd,VinylSd,BrkFace,42.0,4,3,PConc,Ex,TA,No,ALQ,742.0,Unf,130.0,872.0,GasA,5,Y,SBrkr,888,868,0,1756,1.0,0.0,2,1,3,1,3,7,8,0,DNE,Attchd,1996.0,Fin,2.0,422.0,TA,TA,3,144,122,0,0,0,0,DNE,DNE,DNE,0,7,2007,WD ,204000
2644,30*,RM,70.0,5684,Pave,DNE,0,Lvl,4,Inside,0,OldTown,Norm,Norm,1Fam,1Story,6,8,1930,2005,Hip,CompShg,Wd Sdng,Wd Sdng,DNE,0.0,3,3,BrkTil,TA,TA,No,Unf,0.0,Unf,813.0,813.0,GasA,5,Y,FuseA,813,0,0,813,0.0,0.0,1,0,2,1,4,5,8,0,DNE,Detchd,1932.0,Unf,1.0,270.0,Fa,Fa,1,0,113,0,0,0,0,DNE,DNE,DNE,0,6,2006,WD ,110000
649,20*,RL,60.0,7626,Pave,DNE,0,Lvl,4,Inside,0,NAmes,Norm,Norm,1Fam,1Story,5,8,1952,2005,Hip,CompShg,Wd Sdng,Wd Sdng,DNE,0.0,4,3,CBlock,TA,TA,No,GLQ,931.0,Unf,100.0,1031.0,GasA,4,Y,SBrkr,1031,0,0,1031,1.0,0.0,1,0,2,1,4,5,8,0,DNE,Attchd,1952.0,Unf,1.0,230.0,TA,TA,3,0,0,0,0,0,0,DNE,MnPrv,DNE,0,3,2009,WD ,145500
2498,20*,RL,0.0,8789,Pave,DNE,1,Lvl,4,Inside,0,Sawyer,Norm,Norm,1Fam,1Story,5,6,1967,1967,Gable,CompShg,VinylSd,VinylSd,DNE,0.0,3,3,CBlock,TA,TA,Mn,Rec,659.0,Unf,253.0,912.0,GasA,3,Y,SBrkr,941,0,0,941,0.0,0.0,1,0,3,1,3,6,8,1,Po,Attchd,1967.0,Unf,1.0,288.0,TA,TA,3,64,0,0,0,0,0,DNE,DNE,DNE,0,6,2006,WD ,129200
633,20*,RL,0.0,12285,Pave,DNE,1,Lvl,4,Inside,0,NAmes,Norm,Norm,1Fam,1Story,7,6,1960,1960,Gable,CompShg,Plywood,Plywood,BrkFace,128.0,3,3,CBlock,TA,TA,No,BLQ,544.0,Unf,785.0,1329.0,GasA,4,Y,SBrkr,1329,0,0,1329,0.0,0.0,1,1,3,1,3,5,8,2,Gd,Attchd,1960.0,Unf,2.0,441.0,TA,TA,3,0,0,203,0,0,0,DNE,DNE,DNE,0,8,2009,WD ,176000
2100,20*,RL,93.0,10481,Pave,DNE,1,Lvl,4,Inside,0,CollgCr,Norm,Norm,1Fam,1Story,8,5,2006,2007,Hip,CompShg,CemntBd,CmentBd,DNE,0.0,4,3,PConc,Gd,TA,Av,Unf,0.0,Unf,2140.0,2140.0,GasA,5,Y,SBrkr,2140,0,0,2140,0.0,0.0,2,1,3,1,4,8,8,0,DNE,Attchd,2006.0,Fin,3.0,894.0,TA,TA,3,136,32,0,0,0,0,DNE,DNE,DNE,0,6,2007,New,360000
185,50*,RM,60.0,10800,Pave,DNE,0,Lvl,4,Inside,0,OldTown,Artery,Norm,1Fam,1.5Fin,5,6,1915,1950,Gable,CompShg,MetalSd,MetalSd,DNE,0.0,3,4,PConc,Fa,TA,No,LwQ,686.0,Unf,0.0,686.0,GasA,3,Y,SBrkr,966,686,0,1652,1.0,0.0,2,0,4,1,3,7,8,0,DNE,Detchd,1961.0,Unf,1.0,416.0,TA,TA,3,0,0,196,0,0,0,DNE,DNE,Shed,1200,6,2010,WD ,139000
2861,50*,RL,80.0,12400,Pave,DNE,0,HLS,4,Inside,1,Crawfor,Norm,Norm,1Fam,1.5Fin,5,6,1940,1950,Gable,CompShg,Wd Sdng,Wd Sdng,DNE,0.0,3,3,CBlock,Gd,TA,Mn,BLQ,602.0,Unf,299.0,901.0,GasA,3,Y,SBrkr,1125,592,0,1717,0.0,0.0,1,1,2,1,3,7,8,1,Gd,Attchd,1940.0,Unf,1.0,410.0,TA,TA,3,0,0,0,0,113,0,DNE,DNE,DNE,0,2,2006,WD ,194000
1521,70*,RH,55.0,8525,Pave,DNE,0,Bnk,4,Inside,0,SWISU,Norm,Norm,1Fam,2Story,5,6,1911,1950,Gable,CompShg,MetalSd,MetalSd,DNE,0.0,3,3,PConc,TA,TA,Av,Unf,0.0,Unf,940.0,940.0,GasA,3,N,FuseA,1024,940,0,1964,0.0,0.0,1,1,4,1,3,7,8,0,DNE,DNE,1978.644525168656,DNE,0.0,0.0,DNE,DNE,1,0,192,0,0,0,0,DNE,DNE,DNE,0,11,2008,WD ,130000
2503,60*,RL,0.0,13346,Pave,DNE,1,Lvl,4,CulDSac,0,NoRidge,Norm,Norm,1Fam,2Story,7,5,1992,2000,Gable,CompShg,HdBoard,HdBoard,DNE,0.0,4,3,PConc,Gd,TA,No,GLQ,728.0,Unf,367.0,1095.0,GasA,5,Y,SBrkr,1166,1129,0,2295,1.0,0.0,2,1,4,1,4,9,8,1,TA,Attchd,1992.0,RFn,2.0,590.0,TA,TA,3,0,40,0,0,0,0,DNE,DNE,DNE,0,7,2006,WD ,268000
2408,20*,RL,61.0,7740,Pave,DNE,0,Lvl,4,Inside,0,NridgHt,Norm,Norm,TwnhsE,1Story,9,5,2006,2006,Hip,CompShg,MetalSd,MetalSd,BrkFace,518.0,4,3,PConc,Ex,Gd,No,GLQ,1023.0,Unf,663.0,1686.0,GasA,5,Y,SBrkr,1686,0,0,1686,1.0,0.0,2,0,1,1,5,6,8,1,Gd,Attchd,2006.0,Fin,3.0,899.0,TA,TA,3,266,100,0,0,0,0,DNE,DNE,DNE,0,6,2006,New,332200
2374,120*,RL,53.0,4043,Pave,DNE,0,Lvl,4,Inside,0,NPkVill,Norm,Norm,TwnhsE,1Story,6,5,1975,1975,Gable,CompShg,Plywood,Plywood,DNE,0.0,3,3,CBlock,Gd,TA,No,ALQ,727.0,BLQ,186.0,1069.0,GasA,4,Y,SBrkr,1069,0,0,1069,0.0,1.0,2,0,2,1,3,4,8,1,Po,Attchd,1975.0,RFn,2.0,440.0,TA,TA,3,0,55,0,0,225,0,DNE,DNE,DNE,0,7,2006,WD ,146300
965,80*,RL,125.0,14419,Pave,DNE,1,Lvl,4,Corner,0,Timber,Norm,Norm,1Fam,SLvl,7,5,1987,1989,Hip,CompShg,Plywood,Plywood,BrkFace,310.0,3,3,PConc,Gd,TA,Gd,GLQ,904.0,ALQ,117.0,1645.0,GasA,5,Y,SBrkr,1479,0,0,1479,2.0,0.0,2,1,3,1,4,7,7,1,Fa,Attchd,1987.0,Fin,2.0,578.0,TA,TA,3,224,238,0,0,0,0,DNE,DNE,DNE,0,7,2009,WD ,213500
1894,60*,RL,80.0,8800,Pave,DNE,0,Lvl,4,Inside,0,NAmes,Norm,Norm,1Fam,2Story,6,7,1964,1997,Gable,CompShg,MetalSd,MetalSd,BrkFace,306.0,3,4,CBlock,TA,TA,No,ALQ,414.0,Unf,431.0,845.0,GasA,5,Y,SBrkr,845,1309,0,2154,0.0,0.0,2,1,5,1,3,8,8,1,Gd,Attchd,1964.0,RFn,2.0,539.0,TA,TA,3,0,0,0,0,161,0,DNE,MnPrv,DNE,0,7,2007,WD ,224500
1843,160*,FV,24.0,2280,Pave,Pave,0,Lvl,4,Inside,0,Somerst,Norm,Norm,Twnhs,2Story,6,5,1999,1999,Gable,CompShg,MetalSd,MetalSd,BrkFace,342.0,3,3,PConc,Gd,TA,No,GLQ,565.0,Unf,179.0,744.0,GasA,4,Y,SBrkr,757,744,0,1501,1.0,0.0,2,1,3,1,3,6,8,1,TA,Detchd,1999.0,Unf,2.0,440.0,TA,TA,3,0,0,0,0,0,0,DNE,DNE,DNE,0,9,2007,WD ,176500
351,120*,RL,40.0,5664,Pave,DNE,1,Lvl,4,Inside,0,StoneBr,Norm,Norm,TwnhsE,1Story,8,5,2000,2000,Gable,CompShg,CemntBd,CmentBd,DNE,0.0,4,3,PConc,Gd,TA,No,GLQ,1158.0,Unf,343.0,1501.0,GasA,5,Y,SBrkr,1659,0,0,1659,1.0,0.0,2,0,2,1,5,5,8,1,Ex,Attchd,2000.0,Fin,2.0,499.0,TA,TA,3,212,59,0,0,0,0,DNE,DNE,DNE,0,10,2009,WD ,278000
1805,60*,FV,85.0,10625,Pave,DNE,0,Lvl,4,Inside,0,Somerst,Norm,Norm,1Fam,2Story,6,5,2004,2004,Gable,CompShg,VinylSd,VinylSd,BrkFace,353.0,4,3,PConc,Gd,TA,Av,Unf,0.0,Unf,1158.0,1158.0,GasA,5,Y,SBrkr,1158,1285,0,2443,0.0,0.0,2,1,4,1,4,9,6,1,Gd,BuiltIn,2004.0,RFn,3.0,744.0,TA,TA,3,193,127,0,0,0,0,DNE,DNE,DNE,0,6,2007,WD ,265000
1807,20*,RL,63.0,7500,Pave,DNE,0,Lvl,4,Inside,0,SawyerW,Norm,Norm,1Fam,1Story,6,5,2006,2007,Gable,CompShg,VinylSd,VinylSd,DNE,0.0,3,3,PConc,Gd,TA,No,Unf,0.0,Unf,1100.0,1100.0,GasA,5,Y,SBrkr,1100,0,0,1100,0.0,0.0,1,1,3,1,3,6,8,0,DNE,DNE,1978.644525168656,DNE,0.0,0.0,DNE,DNE,3,0,136,0,0,0,0,DNE,DNE,DNE,0,6,2007,New,146000
173,30*,RM,56.0,8960,Pave,Grvl,0,Lvl,4,Inside,0,OldTown,Artery,Norm,1Fam,1Story,5,6,1927,1950,Gable,CompShg,WdShing,Wd Shng,DNE,0.0,3,3,CBlock,TA,TA,No,Unf,0.0,Unf,1008.0,1008.0,GasA,4,Y,FuseA,1028,0,0,1028,0.0,0.0,1,0,2,1,3,5,8,1,Gd,Detchd,1927.0,Unf,2.0,360.0,TA,TA,3,0,0,130,0,0,0,DNE,DNE,DNE,0,3,2010,WD ,115000
385,60*,FV,75.0,8004,Pave,DNE,1,Lvl,4,Inside,0,Somerst,RRAn,Norm,1Fam,2Story,8,5,2009,2009,Gable,CompShg,VinylSd,VinylSd,Stone,110.0,4,3,PConc,Gd,TA,No,GLQ,544.0,Unf,288.0,832.0,GasA,5,Y,SBrkr,832,1103,0,1935,1.0,0.0,2,1,3,1,3,8,8,0,DNE,BuiltIn,2009.0,Fin,2.0,552.0,TA,TA,3,0,150,0,0,0,0,DNE,DNE,DNE,0,12,2009,New,263435
2826,180*,RM,35.0,3675,Pave,DNE,0,Lvl,4,Inside,0,Edwards,Norm,Norm,TwnhsE,SLvl,5,5,2005,2005,Gable,CompShg,VinylSd,VinylSd,BrkFace,80.0,3,3,PConc,Gd,TA,Gd,GLQ,547.0,Unf,0.0,547.0,GasA,4,Y,SBrkr,1072,0,0,1072,1.0,0.0,1,0,2,1,3,5,8,0,DNE,Basment,2005.0,Fin,2.0,525.0,TA,TA,3,0,28,0,0,0,0,DNE,DNE,DNE,0,5,2006,WD ,145000
2533,20*,RL,80.0,9600,Pave,DNE,0,Lvl,4,Corner,0,NAmes,Feedr,Norm,1Fam,1Story,5,5,1968,1968,Gable,CompShg,MetalSd,MetalSd,DNE,0.0,3,3,CBlock,TA,TA,No,ALQ,758.0,Unf,293.0,1051.0,GasA,4,Y,SBrkr,1051,0,0,1051,1.0,0.0,1,0,3,1,3,6,8,0,DNE,Attchd,1968.0,RFn,2.0,504.0,TA,TA,3,0,0,0,0,0,0,DNE,DNE,DNE,0,7,2006,WD ,142000
2858,70*,RL,60.0,9550,Pave,DNE,1,Lvl,4,Corner,0,Crawfor,Norm,Norm,1Fam,2Story,7,5,1915,1970,Gable,CompShg,Wd Sdng,Wd Shng,DNE,0.0,3,3,BrkTil,TA,Gd,No,ALQ,216.0,Unf,540.0,756.0,GasA,4,Y,SBrkr,961,756,0,1717,1.0,0.0,1,0,3,1,4,7,8,1,Gd,Detchd,1998.0,Unf,3.0,642.0,TA,TA,3,0,35,272,0,0,0,DNE,DNE,DNE,0,2,2006,WD ,140000
2015,50*,RM,52.0,6240,Pave,DNE,0,Lvl,4,Inside,0,BrkSide,Norm,Norm,1Fam,1.5Fin,5,8,1939,1952,Gable,CompShg,Wd Sdng,Wd Sdng,DNE,0.0,3,4,BrkTil,TA,TA,No,Rec,48.0,Unf,624.0,672.0,GasA,5,Y,SBrkr,899,423,0,1322,1.0,0.0,1,0,4,1,3,7,8,0,DNE,Detchd,1939.0,Unf,1.0,280.0,TA,TA,3,0,0,0,0,0,0,DNE,MnPrv,DNE,0,7,2007,WD ,132000
55,80*,RL,67.0,13300,Pave,DNE,1,Lvl,4,Inside,0,Gilbert,Norm,Norm,1Fam,SLvl,7,5,2004,2004,Gable,CompShg,VinylSd,VinylSd,DNE,0.0,4,3,PConc,Gd,TA,No,GLQ,326.0,Unf,58.0,384.0,GasA,5,Y,SBrkr,744,630,0,1374,1.0,0.0,2,1,3,1,4,7,8,1,Gd,BuiltIn,2004.0,Fin,2.0,400.0,TA,TA,3,100,0,0,0,0,0,DNE,DNE,DNE,0,6,2010,WD ,184500
2034,70*,RM,60.0,6882,Pave,DNE,0,Lvl,4,Inside,0,IDOTRR,Norm,Norm,1Fam,2Story,6,7,1914,2006,Gable,CompShg,Wd Sdng,Wd Sdng,DNE,0.0,3,3,PConc,TA,TA,No,Unf,0.0,Unf,684.0,684.0,GasA,3,Y,SBrkr,773,582,0,1355,0.0,0.0,1,1,3,1,4,7,8,0,DNE,DNE,1978.644525168656,DNE,0.0,0.0,DNE,DNE,3,136,0,115,0,0,0,DNE,DNE,DNE,0,3,2007,WD ,127000
626,20*,RL,80.0,14695,Pave,DNE,1,Lvl,4,Inside,0,NAmes,Norm,Norm,1Fam,1Story,6,8,1966,2008,Gable,CompShg,MetalSd,MetalSd,BrkFace,210.0,3,4,CBlock,TA,TA,No,ALQ,1387.0,Unf,175.0,1562.0,GasA,4,Y,SBrkr,1567,0,0,1567,1.0,0.0,2,0,2,1,4,5,8,2,Gd,Attchd,1966.0,Unf,2.0,542.0,TA,TA,3,0,110,0,0,342,0,DNE,GdWo,DNE,0,7,2009,WD ,256000
715,50*,RM,50.0,3500,Pave,Grvl,0,Lvl,4,Inside,0,OldTown,Norm,Norm,1Fam,1.5Fin,5,7,1947,1950,Gable,CompShg,AsbShng,AsbShng,DNE,0.0,3,3,CBlock,TA,TA,No,LwQ,312.0,Unf,408.0,720.0,GasA,3,Y,SBrkr,720,564,0,1284,0.0,0.0,1,1,2,1,3,5,8,0,DNE,Detchd,1948.0,Unf,1.0,240.0,TA,TA,3,0,35,0,0,0,0,DNE,MnWw,DNE,0,4,2009,WD ,110000
1804,20*,FV,100.0,11824,Pave,DNE,1,Lvl,4,Corner,0,Somerst,Norm,Norm,1Fam,1Story,8,5,2006,2006,Gable,CompShg,VinylSd,VinylSd,BrkFace,298.0,4,3,PConc,Gd,TA,Av,Unf,0.0,Unf,1685.0,1685.0,GasA,5,Y,SBrkr,1685,0,0,1685,0.0,0.0,2,0,2,1,4,5,8,1,Gd,Attchd,2006.0,Fin,3.0,658.0,TA,TA,3,112,63,0,0,0,0,DNE,DNE,DNE,0,4,2007,WD ,253000
1581,20*,RL,47.0,12416,Pave,DNE,1,Lvl,4,Inside,0,Timber,Norm,Norm,1Fam,1Story,6,5,1986,1986,Gable,CompShg,VinylSd,Plywood,Stone,132.0,3,3,CBlock,Gd,Fa,No,ALQ,1398.0,LwQ,0.0,1606.0,GasA,3,Y,SBrkr,1651,0,0,1651,1.0,0.0,2,0,3,1,3,7,6,1,TA,Attchd,1986.0,Fin,2.0,616.0,TA,TA,3,192,0,0,0,0,0,DNE,DNE,DNE,0,11,2008,WD ,184000
2257,120*,RM,0.0,9763,Pave,DNE,1,Lvl,4,Inside,0,GrnHill,Norm,Norm,TwnhsE,1Story,7,5,1998,1998,Gable,CompShg,Wd Sdng,Wd Sdng,BrkFace,239.0,4,3,PConc,Gd,TA,No,GLQ,1102.0,ALQ,328.0,1502.0,GasA,5,Y,SBrkr,1502,0,0,1502,1.0,0.0,1,1,1,1,4,5,8,1,TA,Attchd,1998.0,Fin,1.0,286.0,TA,TA,3,0,0,0,0,0,0,DNE,DNE,DNE,0,9,2007,WD ,330000
781,20*,RL,0.0,9000,Pave,DNE,0,Lvl,4,Corner,0,Sawyer,Norm,Norm,1Fam,1Story,2,2,1947,1950,Gable,CompShg,Wd Sdng,Wd Sdng,DNE,0.0,3,3,Slab,DNE,DNE,DNE,DNE,0.0,DNE,0.0,0.0,GasA,2,N,SBrkr,660,0,0,660,0.0,0.0,1,0,2,1,2,5,6,0,DNE,DNE,1978.644525168656,DNE,0.0,0.0,DNE,DNE,1,0,0,100,0,0,0,DNE,DNE,DNE,0,6,2009,WD ,63900
218,90*,RL,72.0,10778,Pave,DNE,0,Lvl,4,Inside,0,Sawyer,Norm,Norm,Duplex,1Story,4,5,1968,1968,Hip,CompShg,HdBoard,HdBoard,DNE,0.0,3,3,CBlock,TA,TA,No,Unf,0.0,Unf,1768.0,1768.0,GasA,3,N,SBrkr,1768,0,0,1768,0.0,0.0,2,0,4,2,3,8,8,0,DNE,DNE,1978.644525168656,DNE,0.0,0.0,DNE,DNE,3,0,0,0,0,0,0,DNE,DNE,DNE,0,4,2010,WD ,136500
2032,45*,RM,57.0,7449,Pave,Grvl,0,Bnk,4,Inside,0,IDOTRR,Norm,Norm,1Fam,1.5Unf,7,7,1930,1950,Gable,CompShg,Wd Sdng,Wd Sdng,DNE,0.0,3,3,PConc,TA,TA,No,Unf,0.0,Unf,637.0,637.0,GasA,5,Y,FuseF,1108,0,0,1108,0.0,0.0,1,0,3,1,4,6,8,1,Gd,Attchd,1930.0,Unf,1.0,280.0,TA,TA,1,0,0,205,0,0,0,DNE,GdPrv,DNE,0,6,2007,WD ,139400
2769,85*,RL,57.0,8846,Pave,DNE,1,Lvl,4,CulDSac,0,CollgCr,Norm,Norm,1Fam,SFoyer,5,5,1996,1996,Gable,CompShg,VinylSd,VinylSd,DNE,0.0,4,3,PConc,Gd,TA,Av,GLQ,298.0,Unf,572.0,870.0,GasA,5,Y,SBrkr,914,0,0,914,0.0,0.0,1,0,2,1,3,5,8,0,DNE,Detchd,1998.0,Unf,2.0,576.0,TA,TA,3,0,0,0,0,0,0,DNE,DNE,DNE,0,7,2006,WD ,148000
628,60*,RL,100.0,13000,Pave,DNE,0,Lvl,4,Corner,0,NAmes,Norm,Norm,1Fam,2Story,6,6,1968,1968,Gable,CompShg,VinylSd,VinylSd,BrkFace,576.0,3,4,CBlock,Gd,TA,No,Rec,448.0,Unf,448.0,896.0,GasA,3,Y,SBrkr,1182,960,0,2142,0.0,0.0,2,1,4,1,4,8,8,1,Gd,Attchd,1968.0,Fin,1.0,509.0,TA,TA,3,0,72,0,0,252,0,DNE,DNE,DNE,0,6,2009,WD ,193500
1088,80*,RL,59.0,9587,Pave,DNE,1,Lvl,4,Inside,0,Gilbert,Norm,Norm,1Fam,SLvl,7,5,2005,2005,Gable,CompShg,VinylSd,VinylSd,Stone,182.0,4,3,PConc,Gd,TA,Gd,GLQ,655.0,Unf,201.0,856.0,GasA,5,Y,SBrkr,1166,0,0,1166,1.0,0.0,2,0,2,1,4,5,8,0,DNE,Attchd,2005.0,Fin,2.0,400.0,TA,TA,3,212,0,0,0,0,0,DNE,DNE,DNE,0,7,2008,WD ,190000
2162,60*,RL,79.0,9245,Pave,DNE,1,Lvl,4,Inside,0,CollgCr,Norm,Norm,1Fam,2Story,7,5,2006,2006,Gable,CompShg,VinylSd,VinylSd,DNE,0.0,4,3,PConc,Gd,TA,Av,Unf,0.0,Unf,939.0,939.0,GasA,5,Y,SBrkr,939,858,0,1797,0.0,0.0,2,1,3,1,4,8,8,0,DNE,Attchd,2006.0,RFn,2.0,639.0,TA,TA,3,144,53,0,0,0,0,DNE,DNE,DNE,0,4,2007,WD ,213500
2575,20*,RL,70.0,8400,Pave,DNE,0,Lvl,4,Corner,0,NAmes,Feedr,Norm,1Fam,1Story,5,5,1957,1957,Gable,CompShg,BrkFace,BrkFace,DNE,0.0,3,3,CBlock,Fa,TA,Mn,BLQ,623.0,Unf,556.0,1179.0,GasA,4,Y,SBrkr,1364,0,0,1364,0.0,0.0,1,1,3,1,3,6,8,1,Gd,Attchd,1957.0,RFn,1.0,331.0,TA,TA,3,0,60,0,0,0,0,DNE,GdPrv,DNE,0,3,2006,WD ,132000
1832,20*,RL,43.0,12712,Pave,DNE,1,Lvl,4,CulDSac,0,Sawyer,RRAe,Norm,1Fam,1Story,6,7,1973,2006,Gable,CompShg,CemntBd,CmentBd,DNE,0.0,3,3,CBlock,Gd,TA,Mn,ALQ,968.0,Unf,76.0,1044.0,GasA,3,Y,SBrkr,1055,0,0,1055,1.0,0.0,1,0,2,1,4,5,8,1,TA,Attchd,1973.0,RFn,2.0,542.0,TA,TA,3,455,0,0,0,0,0,DNE,DNE,DNE,0,1,2007,WD ,147000
1428,60*,RL,59.0,11228,Pave,DNE,2,Lvl,4,CulDSac,0,SawyerW,Norm,Norm,1Fam,2Story,7,5,1993,1993,Gable,CompShg,VinylSd,VinylSd,DNE,0.0,4,3,PConc,Gd,TA,No,BLQ,50.0,GLQ,499.0,1080.0,GasA,5,Y,SBrkr,1080,1017,0,2097,0.0,1.0,2,1,3,1,4,9,8,1,TA,Attchd,1993.0,Unf,3.0,678.0,TA,TA,3,196,187,0,0,0,0,DNE,DNE,DNE,0,12,2008,WD ,228000
2499,80*,RL,100.0,14330,Pave,DNE,1,Low,4,Corner,0,Veenker,Norm,Norm,1Fam,SLvl,7,4,1974,1974,Gable,CompShg,WdShing,Wd Sdng,BrkFace,145.0,4,2,CBlock,Gd,TA,Gd,ALQ,1023.0,BLQ,228.0,1748.0,GasA,4,Y,SBrkr,2151,495,0,2646,1.0,2.0,2,0,3,1,4,9,5,4,TA,Attchd,1974.0,RFn,2.0,550.0,TA,TA,3,641,100,0,0,0,800,Gd,GdPrv,DNE,0,1,2006,WD ,260000
2772,20*,RL,0.0,8685,Pave,DNE,1,Lvl,4,CulDSac,0,CollgCr,Norm,Norm,1Fam,1Story,7,5,1998,1998,Gable,CompShg,VinylSd,VinylSd,DNE,0.0,3,3,PConc,Gd,TA,Mn,GLQ,846.0,Unf,579.0,1425.0,GasA,5,Y,SBrkr,1425,0,0,1425,1.0,0.0,2,0,3,1,3,5,8,0,DNE,Attchd,1998.0,RFn,2.0,591.0,TA,TA,3,0,130,0,0,0,0,DNE,DNE,DNE,0,5,2006,WD ,193000
916,50*,RL,57.0,7558,Pave,DNE,0,Bnk,4,Inside,0,Crawfor,Norm,Norm,1Fam,1.5Fin,6,6,1928,1950,Gable,CompShg,BrkFace,Stone,DNE,0.0,3,3,BrkTil,TA,TA,No,Unf,0.0,Unf,896.0,896.0,GasA,4,Y,SBrkr,1172,741,0,1913,0.0,0.0,1,1,3,1,3,9,8,1,TA,Detchd,1929.0,Unf,2.0,342.0,Fa,Fa,3,0,0,0,0,0,0,DNE,DNE,DNE,0,3,2009,WD ,177000
613,80*,RL,85.0,11475,Pave,DNE,0,Lvl,4,Corner,0,NAmes,Norm,Norm,1Fam,SLvl,6,6,1961,1961,Hip,CompShg,HdBoard,HdBoard,BrkFace,90.0,3,3,CBlock,TA,TA,Gd,ALQ,568.0,Unf,640.0,1208.0,GasA,5,Y,SBrkr,1576,0,0,1576,1.0,0.0,1,0,4,1,4,7,8,1,Po,BuiltIn,1961.0,Fin,2.0,368.0,TA,TA,3,85,0,0,0,0,0,DNE,DNE,DNE,0,9,2009,WD ,174500
1637,60*,RL,98.0,12328,Pave,DNE,1,Lvl,4,Inside,0,StoneBr,Norm,Norm,1Fam,2Story,8,5,2005,2005,Hip,CompShg,VinylSd,VinylSd,Stone,146.0,4,3,PConc,Ex,TA,Mn,GLQ,986.0,Unf,163.0,1149.0,GasA,5,Y,SBrkr,1164,1377,0,2541,1.0,0.0,3,1,4,1,5,10,8,1,Gd,BuiltIn,2005.0,Fin,3.0,729.0,TA,TA,3,120,32,0,0,0,0,DNE,DNE,DNE,0,7,2007,WD ,349265
1697,20*,RL,110.0,14226,Pave,DNE,0,Lvl,4,Corner,0,NridgHt,Norm,Norm,1Fam,1Story,8,5,2006,2006,Hip,CompShg,VinylSd,VinylSd,BrkFace,375.0,4,3,PConc,Gd,TA,Av,Unf,0.0,Unf,1935.0,1935.0,GasA,4,Y,SBrkr,1973,0,0,1973,0.0,0.0,2,0,3,1,4,9,8,1,Gd,Attchd,2006.0,Fin,3.0,895.0,TA,TA,3,315,45,0,0,0,0,DNE,DNE,DNE,0,7,2007,New,395000
706,50*,RM,50.0,6000,Pave,DNE,0,Lvl,4,Inside,0,OldTown,Norm,Norm,1Fam,1.5Fin,5,7,1950,1970,Gable,CompShg,Wd Sdng,Wd Sdng,DNE,0.0,3,5,CBlock,TA,TA,No,BLQ,384.0,Unf,384.0,768.0,GasA,3,Y,FuseA,768,560,0,1328,0.0,0.0,1,1,3,1,3,6,8,0,DNE,Detchd,1950.0,Unf,1.0,308.0,TA,TA,3,0,12,0,0,0,0,DNE,MnPrv,DNE,0,3,2009,WD ,129500
2920,160*,RM,21.0,1936,Pave,DNE,0,Lvl,4,Inside,0,MeadowV,Norm,Norm,Twnhs,2Story,4,7,1970,1970,Gable,CompShg,CemntBd,CmentBd,DNE,0.0,3,3,CBlock,TA,TA,No,Unf,0.0,Unf,546.0,546.0,GasA,4,Y,SBrkr,546,546,0,1092,0.0,0.0,1,1,3,1,3,5,8,0,DNE,DNE,1978.644525168656,DNE,0.0,0.0,DNE,DNE,3,0,0,0,0,0,0,DNE,DNE,DNE,0,6,2006,WD ,90500
19,20*,RL,140.0,19138,Pave,DNE,0,Lvl,4,Corner,0,Gilbert,Norm,Norm,1Fam,1Story,4,5,1951,1951,Gable,CompShg,VinylSd,VinylSd,DNE,0.0,3,3,CBlock,TA,TA,No,LwQ,120.0,Unf,744.0,864.0,GasA,5,Y,SBrkr,864,0,0,864,0.0,0.0,1,0,2,1,3,4,8,0,DNE,Detchd,1951.0,Unf,2.0,400.0,TA,TA,3,0,0,0,0,0,0,DNE,DNE,DNE,0,6,2010,WD ,141000
1897,20*,RL,0.0,14585,Pave,DNE,1,Lvl,4,CulDSac,0,NAmes,Norm,Norm,1Fam,1Story,6,6,1960,1987,Gable,CompShg,Wd Sdng,Wd Sdng,BrkFace,85.0,3,3,CBlock,TA,TA,No,BLQ,594.0,Rec,331.0,1144.0,GasA,5,Y,SBrkr,1429,0,0,1429,0.0,1.0,1,0,3,1,4,7,8,2,Gd,Attchd,1960.0,Unf,2.0,572.0,TA,TA,3,216,110,0,0,0,0,DNE,DNE,DNE,0,6,2007,WD ,181900
1869,20*,RL,80.0,9547,Pave,DNE,0,Lvl,4,Inside,0,NWAmes,Norm,Norm,1Fam,1Story,7,6,1993,1993,Gable,CompShg,VinylSd,VinylSd,BrkFace,112.0,3,3,PConc,Gd,TA,No,Unf,0.0,Unf,1594.0,1594.0,GasA,5,Y,SBrkr,1594,0,0,1594,0.0,0.0,2,0,2,1,4,6,8,1,TA,Attchd,1993.0,RFn,2.0,472.0,TA,TA,3,190,80,0,0,0,0,DNE,DNE,DNE,0,7,2007,WD ,188500
277,20*,RL,60.0,10044,Pave,DNE,1,Low,4,CulDSac,0,Edwards,Norm,Norm,1Fam,1Story,5,6,1968,1968,Gable,CompShg,MetalSd,MetalSd,DNE,0.0,3,3,CBlock,Gd,TA,Gd,ALQ,1070.0,Unf,126.0,1196.0,GasA,3,Y,SBrkr,1196,0,0,1196,1.0,0.0,1,0,3,1,3,6,8,0,DNE,Attchd,1968.0,RFn,1.0,336.0,TA,TA,3,257,0,168,0,0,0,DNE,MnPrv,DNE,0,6,2010,WD ,144000
463,120*,RL,48.0,3480,Pave,DNE,0,Lvl,4,Inside,0,NridgHt,Norm,Norm,TwnhsE,1Story,7,5,2003,2003,Gable,CompShg,VinylSd,VinylSd,Stone,163.0,4,3,PConc,Gd,TA,No,Unf,0.0,Unf,1405.0,1405.0,GasA,5,Y,SBrkr,1405,0,0,1405,0.0,0.0,2,0,2,1,4,6,8,1,TA,Attchd,2003.0,RFn,2.0,478.0,TA,TA,3,148,36,0,0,0,0,DNE,DNE,DNE,0,11,2009,WD ,173000
698,70*,RM,90.0,9900,Pave,DNE,0,Lvl,4,Corner,0,OldTown,Norm,Norm,1Fam,2Story,5,8,1910,2002,Gable,CompShg,VinylSd,VinylSd,DNE,0.0,4,3,CBlock,TA,TA,No,Unf,0.0,Unf,504.0,504.0,GasA,5,Y,SBrkr,764,700,0,1464,0.0,0.0,2,0,3,1,3,7,8,0,DNE,DNE,1978.644525168656,DNE,0.0,0.0,DNE,DNE,1,0,0,176,0,0,0,DNE,DNE,DNE,0,3,2009,WD ,129000
1172,120*,FV,50.0,5119,Pave,DNE,1,Lvl,4,CulDSac,0,Somerst,Norm,Norm,TwnhsE,1Story,9,5,1999,2000,Gable,CompShg,MetalSd,MetalSd,BrkFace,60.0,4,3,PConc,Ex,TA,Av,GLQ,1238.0,Unf,460.0,1698.0,GasA,5,Y,SBrkr,1709,0,0,1709,1.0,0.0,2,0,2,1,4,5,8,1,TA,Attchd,1999.0,Fin,2.0,506.0,TA,TA,3,97,65,0,0,0,0,DNE,DNE,DNE,0,1,2008,CWD,328900
221,20*,RL,70.0,8521,Pave,DNE,0,Lvl,4,FR2,0,Sawyer,Feedr,Norm,1Fam,1Story,5,5,1967,1967,Gable,CompShg,HdBoard,HdBoard,DNE,0.0,3,3,CBlock,TA,TA,No,ALQ,842.0,Unf,70.0,912.0,GasA,3,Y,SBrkr,912,0,0,912,0.0,0.0,1,0,3,1,3,5,8,1,Fa,Detchd,1974.0,Unf,1.0,336.0,TA,TA,3,0,0,0,0,0,0,DNE,MnPrv,DNE,0,5,2010,WD ,125000
91,60*,RL,107.0,10186,Pave,DNE,1,Lvl,4,Inside,0,NoRidge,Norm,Norm,1Fam,2Story,7,5,1992,1992,Gable,CompShg,HdBoard,HdBoard,DNE,0.0,4,3,PConc,Gd,TA,No,GLQ,674.0,Unf,76.0,750.0,GasA,5,Y,SBrkr,1061,862,0,1923,1.0,0.0,2,1,3,1,4,8,8,1,TA,Attchd,1992.0,RFn,2.0,564.0,TA,TA,3,240,39,0,0,0,0,DNE,DNE,DNE,0,6,2010,WD ,190000
196,50*,RM,50.0,6000,Pave,DNE,0,Lvl,4,Inside,0,BrkSide,Norm,Norm,1Fam,1.5Fin,6,6,1940,1950,Gable,CompShg,MetalSd,MetalSd,DNE,0.0,3,4,CBlock,TA,TA,No,LwQ,264.0,Unf,308.0,572.0,GasA,5,Y,FuseA,848,348,0,1196,0.0,1.0,1,1,3,1,3,6,8,2,Gd,Detchd,1973.0,Unf,2.0,576.0,TA,TA,3,0,0,0,0,0,0,DNE,DNE,DNE,0,3,2010,WD ,128000
1565,20*,RL,0.0,13265,Pave,DNE,1,Lvl,4,CulDSac,0,Mitchel,Norm,Norm,1Fam,1Story,8,5,2002,2002,Hip,CompShg,CemntBd,CmentBd,BrkFace,148.0,4,3,PConc,Gd,TA,No,GLQ,1218.0,Unf,350.0,1568.0,GasA,5,Y,SBrkr,1689,0,0,1689,1.0,0.0,2,0,3,1,4,7,8,2,Gd,Attchd,2002.0,RFn,3.0,857.0,TA,TA,3,150,59,0,0,0,0,DNE,DNE,DNE,0,7,2008,WD ,271000
2793,20*,RL,0.0,11088,Pave,DNE,0,Lvl,4,Corner,0,CollgCr,Norm,Norm,1Fam,1Story,8,5,2002,2002,Hip,CompShg,Stucco,Stucco,DNE,0.0,4,3,PConc,Gd,TA,No,GLQ,872.0,Unf,476.0,1348.0,GasA,5,Y,SBrkr,1358,0,0,1358,1.0,0.0,1,1,1,1,4,5,8,1,TA,Attchd,2002.0,Unf,2.0,418.0,TA,TA,3,68,166,0,0,0,0,DNE,DNE,DNE,0,6,2006,WD ,220000
1068,60*,RL,130.0,16900,Pave,DNE,0,Lvl,4,Inside,0,NridgHt,Norm,Norm,1Fam,2Story,8,5,2001,2002,Gable,CompShg,VinylSd,VinylSd,BrkFace,1110.0,4,3,PConc,Ex,TA,Mn,GLQ,1075.0,Unf,404.0,1479.0,GasA,5,Y,SBrkr,1515,1134,0,2649,1.0,0.0,2,1,4,1,4,10,8,1,TA,Attchd,2001.0,Fin,3.0,746.0,TA,TA,3,0,60,0,0,0,0,DNE,DNE,DNE,0,1,2008,WD ,421250
2138,20*,RL,45.0,8982,Pave,DNE,1,Lvl,4,CulDSac,0,CollgCr,Norm,Norm,1Fam,1Story,5,5,1977,1977,Gable,CompShg,CemntBd,CmentBd,DNE,0.0,3,3,CBlock,Gd,TA,Av,ALQ,539.0,Unf,501.0,1040.0,GasA,3,Y,SBrkr,1040,0,0,1040,0.0,0.0,1,1,3,1,3,5,8,0,DNE,Detchd,1977.0,Unf,2.0,748.0,TA,TA,3,0,0,0,0,0,0,DNE,MnPrv,DNE,0,1,2007,WD ,134900
310,60*,RL,85.0,11050,Pave,DNE,0,Lvl,4,Inside,0,Mitchel,Norm,Norm,1Fam,2Story,8,5,1998,1999,Gable,CompShg,VinylSd,VinylSd,DNE,0.0,4,3,PConc,Gd,TA,No,GLQ,615.0,Unf,434.0,1049.0,GasA,5,Y,SBrkr,1036,880,0,1916,1.0,0.0,2,1,3,1,4,8,8,1,TA,Attchd,1998.0,Unf,3.0,741.0,TA,TA,3,0,70,0,0,0,0,DNE,DNE,DNE,0,5,2010,WD ,254900
2803,120*,RM,37.0,4435,Pave,DNE,0,Lvl,4,Inside,0,CollgCr,Norm,Norm,TwnhsE,1Story,6,5,2003,2003,Gable,CompShg,VinylSd,VinylSd,BrkFace,170.0,4,3,PConc,Gd,TA,Av,GLQ,717.0,Unf,131.0,848.0,GasA,5,Y,SBrkr,848,0,0,848,1.0,0.0,1,0,1,1,4,4,8,0,DNE,Attchd,2003.0,Fin,2.0,420.0,TA,TA,3,140,0,0,0,0,0,DNE,DNE,DNE,0,4,2006,WD ,133000
1458,60*,RL,73.0,9066,Pave,DNE,1,Lvl,4,Inside,0,CollgCr,Norm,Norm,1Fam,2Story,8,5,1999,2000,Gable,CompShg,VinylSd,VinylSd,BrkFace,320.0,4,3,PConc,Gd,TA,Mn,GLQ,668.0,Unf,336.0,1004.0,GasA,5,Y,SBrkr,1004,848,0,1852,0.0,0.0,2,1,3,1,4,7,8,2,TA,Attchd,1999.0,Fin,3.0,660.0,TA,TA,3,224,106,0,0,0,0,DNE,GdPrv,DNE,0,12,2008,WD ,230000
457,20*,RL,100.0,14836,Pave,DNE,1,HLS,4,Inside,1,NridgHt,Norm,Norm,1Fam,1Story,10,5,2004,2005,Hip,CompShg,CemntBd,CmentBd,Stone,730.0,5,3,PConc,Ex,TA,Gd,GLQ,2146.0,Unf,346.0,2492.0,GasA,5,Y,SBrkr,2492,0,0,2492,1.0,0.0,2,1,2,1,5,8,8,1,Ex,Attchd,2004.0,Fin,3.0,949.0,TA,TA,3,226,235,0,0,0,0,DNE,DNE,DNE,0,2,2009,WD ,552000
2428,120*,RL,43.0,3013,Pave,DNE,0,Lvl,4,Inside,0,Blmngtn,Norm,Norm,TwnhsE,1Story,7,5,2005,2005,Gable,CompShg,VinylSd,VinylSd,BrkFace,145.0,4,3,PConc,Gd,TA,Gd,GLQ,16.0,Unf,1346.0,1362.0,GasA,5,Y,SBrkr,1506,0,0,1506,0.0,0.0,2,0,2,1,4,6,8,1,Gd,Attchd,2005.0,Fin,2.0,440.0,TA,TA,3,142,20,0,0,0,0,DNE,DNE,DNE,0,4,2006,WD ,213490
1004,60*,RL,100.0,10839,Pave,DNE,1,Lvl,4,Corner,0,Gilbert,Norm,Norm,1Fam,2Story,6,5,1997,1998,Gable,CompShg,VinylSd,VinylSd,DNE,0.0,3,3,PConc,Gd,TA,No,Unf,0.0,Unf,926.0,926.0,GasA,5,Y,SBrkr,926,678,0,1604,0.0,0.0,2,1,3,1,3,7,8,1,TA,Attchd,1997.0,Fin,2.0,470.0,TA,TA,3,0,36,0,0,0,0,DNE,DNE,DNE,0,7,2008,WD ,181000
2672,50*,RL,65.0,6435,Pave,DNE,0,Lvl,4,Inside,0,BrkSide,RRAn,Norm,1Fam,1.5Fin,6,5,1939,1950,Gable,CompShg,MetalSd,MetalSd,DNE,0.0,3,3,BrkTil,TA,TA,No,Unf,0.0,Unf,972.0,972.0,GasA,4,Y,SBrkr,972,605,0,1577,0.0,0.0,1,0,3,1,2,6,8,1,Gd,Detchd,1939.0,Unf,1.0,312.0,TA,TA,3,0,0,0,0,0,0,DNE,DNE,DNE,0,10,2006,WD ,140200
50,120*,RL,41.0,7132,Pave,DNE,1,Lvl,4,Inside,0,NridgHt,Norm,Norm,TwnhsE,1Story,8,5,2006,2006,Gable,CompShg,VinylSd,VinylSd,Stone,178.0,4,3,PConc,Gd,TA,Mn,GLQ,24.0,Unf,1346.0,1370.0,GasA,5,Y,SBrkr,1370,0,0,1370,0.0,0.0,2,0,2,1,4,6,8,1,Gd,Attchd,2006.0,RFn,2.0,484.0,TA,TA,3,120,49,0,0,0,0,DNE,DNE,DNE,0,4,2010,WD ,205000
1254,90*,RL,76.0,12436,Pave,DNE,0,Lvl,4,Inside,0,NAmes,Norm,Norm,Duplex,1Story,5,5,1957,1957,Gable,CompShg,Wd Sdng,Wd Sdng,DNE,0.0,3,3,CBlock,TA,TA,No,Unf,0.0,Unf,1824.0,1824.0,GasA,2,Y,FuseA,1824,0,0,1824,0.0,0.0,2,0,5,2,3,9,8,0,DNE,Detchd,1958.0,Unf,2.0,484.0,TA,TA,3,0,0,0,0,0,0,DNE,DNE,DNE,0,1,2008,WD ,146000
1187,80*,RL,0.0,11104,Pave,DNE,1,Lvl,4,Inside,0,NWAmes,Norm,Norm,1Fam,SLvl,6,6,1969,1969,Gable,CompShg,MetalSd,MetalSd,DNE,0.0,3,3,CBlock,TA,TA,Av,GLQ,828.0,Unf,599.0,1427.0,GasA,4,Y,SBrkr,1427,0,0,1427,0.0,1.0,2,0,4,1,3,7,8,0,DNE,Attchd,1969.0,RFn,2.0,516.0,TA,TA,3,0,0,0,0,216,0,DNE,DNE,DNE,0,5,2008,WD ,183000
13,60*,RL,63.0,8402,Pave,DNE,1,Lvl,4,Inside,0,Gilbert,Norm,Norm,1Fam,2Story,6,5,1998,1998,Gable,CompShg,VinylSd,VinylSd,DNE,0.0,3,3,PConc,Gd,TA,No,Unf,0.0,Unf,789.0,789.0,GasA,4,Y,SBrkr,789,676,0,1465,0.0,0.0,2,1,3,1,3,7,8,1,Gd,Attchd,1998.0,Fin,2.0,393.0,TA,TA,3,0,75,0,0,0,0,DNE,DNE,DNE,0,5,2010,WD ,180400
2147,20*,RL,0.0,11354,Pave,DNE,0,Lvl,4,Inside,0,CollgCr,Norm,Norm,1Fam,1Story,7,5,2000,2000,Gable,CompShg,VinylSd,VinylSd,DNE,0.0,4,3,PConc,TA,TA,Gd,GLQ,1412.0,Unf,261.0,1673.0,GasA,5,Y,SBrkr,1673,0,0,1673,1.0,0.0,2,0,3,1,4,7,8,1,TA,Attchd,2000.0,RFn,2.0,583.0,TA,TA,3,306,113,0,0,116,0,DNE,DNE,DNE,0,1,2007,WD ,270000
940,70*,RM,59.0,10690,Pave,DNE,0,Lvl,4,Inside,0,IDOTRR,Norm,Norm,1Fam,2Story,5,7,1920,1997,Hip,CompShg,VinylSd,VinylSd,DNE,0.0,3,4,CBlock,TA,Fa,No,Rec,456.0,Unf,216.0,672.0,GasA,4,Y,FuseA,672,672,0,1344,0.0,0.0,1,0,3,1,3,6,8,0,DNE,Detchd,1964.0,Unf,1.0,468.0,TA,Fa,3,0,128,218,0,0,0,DNE,DNE,DNE,0,7,2009,WD ,147000
2604,50*,RL,60.0,10410,Pave,Grvl,0,Lvl,4,Corner,0,OldTown,Artery,Norm,1Fam,1.5Fin,3,4,1915,1950,Gable,CompShg,Wd Sdng,Wd Sdng,DNE,0.0,3,3,PConc,TA,TA,No,Unf,0.0,Unf,672.0,672.0,GasA,3,Y,SBrkr,694,520,0,1214,0.0,0.0,1,0,3,1,3,6,8,0,DNE,Detchd,1998.0,Unf,3.0,936.0,TA,TA,3,216,0,160,0,0,0,DNE,MnPrv,DNE,0,1,2006,WD ,105000
1504,90*,RL,74.0,6845,Pave,DNE,0,Lvl,4,Inside,0,Edwards,Norm,Norm,Duplex,1Story,4,5,1955,1955,Gable,CompShg,WdShing,Wd Shng,BrkCmn,58.0,3,3,Slab,DNE,DNE,DNE,DNE,0.0,DNE,0.0,0.0,GasA,3,N,FuseF,1152,0,0,1152,0.0,0.0,2,0,2,2,3,6,8,0,DNE,DNE,1978.644525168656,DNE,0.0,0.0,DNE,DNE,1,0,0,0,0,0,0,DNE,DNE,DNE,0,7,2008,WD ,82500
1481,60*,RL,63.0,8199,Pave,DNE,0,Lvl,4,Inside,0,CollgCr,Norm,Norm,1Fam,2Story,7,5,2005,2005,Gable,CompShg,WdShing,Wd Shng,DNE,0.0,4,3,PConc,Gd,TA,Av,GLQ,648.0,Unf,80.0,728.0,GasA,5,Y,SBrkr,728,728,0,1456,1.0,0.0,2,1,3,1,4,7,8,1,Gd,Attchd,2005.0,Fin,2.0,410.0,TA,TA,3,36,18,0,0,0,0,DNE,DNE,DNE,0,10,2008,WD ,189000
924,30*,RL,80.0,13360,Pave,Grvl,1,HLS,4,Inside,0,Crawfor,Norm,Norm,1Fam,1Story,5,7,1921,2006,Gable,CompShg,Wd Sdng,Wd Sdng,DNE,0.0,3,4,BrkTil,Gd,TA,No,ALQ,713.0,Unf,163.0,876.0,GasA,5,Y,SBrkr,964,0,0,964,1.0,0.0,1,0,2,1,3,5,8,0,DNE,Detchd,1921.0,Unf,2.0,432.0,TA,TA,3,0,0,44,0,0,0,DNE,DNE,DNE,0,8,2009,WD ,163500
1641,20*,RL,60.0,8089,Pave,DNE,0,HLS,4,Inside,0,StoneBr,Norm,Norm,1Fam,1Story,8,6,2007,2007,Gable,CompShg,MetalSd,MetalSd,BrkFace,0.0,4,3,PConc,Gd,TA,Av,GLQ,945.0,Unf,474.0,1419.0,GasA,5,Y,SBrkr,1419,0,0,1419,1.0,0.0,2,0,2,1,4,7,8,1,Gd,Attchd,2007.0,RFn,2.0,567.0,TA,TA,3,140,0,0,0,0,0,DNE,DNE,DNE,0,10,2007,New,392000
2715,20*,RL,0.0,9535,Pave,DNE,1,Lvl,4,Inside,0,Sawyer,Norm,Norm,1Fam,1Story,5,5,1967,1967,Gable,CompShg,HdBoard,HdBoard,BrkFace,450.0,3,3,CBlock,TA,TA,No,BLQ,194.0,LwQ,0.0,1176.0,GasA,3,Y,SBrkr,1458,0,0,1458,1.0,0.0,1,1,3,1,3,7,8,1,TA,Attchd,1967.0,Unf,2.0,512.0,TA,TA,3,284,0,0,0,0,0,DNE,MnPrv,DNE,0,7,2006,WD ,165000
1003,120*,RL,39.0,5070,Pave,DNE,1,HLS,4,Inside,0,StoneBr,Norm,Norm,TwnhsE,1Story,8,5,1992,1992,Gable,CompShg,HdBoard,HdBoard,DNE,0.0,4,3,PConc,Gd,TA,Mn,Unf,0.0,Unf,1280.0,1280.0,GasA,5,Y,SBrkr,1280,0,0,1280,0.0,0.0,2,0,2,1,4,5,8,0,DNE,Attchd,1992.0,RFn,2.0,506.0,TA,TA,3,0,82,0,0,144,0,DNE,DNE,DNE,0,8,2008,WD ,180000
1860,20*,RL,80.0,9600,Pave,DNE,0,Lvl,4,FR2,0,Veenker,Feedr,Norm,1Fam,1Story,6,8,1976,1976,Gable,CompShg,MetalSd,MetalSd,DNE,0.0,3,3,CBlock,Gd,TA,Gd,ALQ,978.0,Unf,284.0,1262.0,GasA,5,Y,SBrkr,1262,0,0,1262,0.0,1.0,2,0,3,1,3,6,8,1,TA,Attchd,1976.0,RFn,2.0,460.0,TA,TA,3,298,0,0,0,0,0,DNE,DNE,DNE,0,5,2007,WD ,181500
2264,20*,RL,67.0,10656,Pave,DNE,1,HLS,4,Inside,0,Timber,Norm,Norm,1Fam,1Story,8,5,2006,2007,Gable,CompShg,VinylSd,VinylSd,Stone,274.0,4,3,PConc,Gd,TA,Av,Unf,0.0,Unf,1638.0,1638.0,GasA,5,Y,SBrkr,1646,0,0,1646,0.0,0.0,2,0,3,1,4,6,8,1,Gd,Attchd,2007.0,RFn,3.0,870.0,TA,TA,3,192,80,0,0,0,0,DNE,DNE,DNE,0,11,2007,New,248900
1757,80*,RL,76.0,9967,Pave,DNE,1,Lvl,4,Inside,0,Gilbert,Norm,Norm,1Fam,SLvl,7,5,2000,2000,Gable,CompShg,VinylSd,VinylSd,DNE,0.0,3,3,PConc,Gd,TA,No,Unf,0.0,Unf,384.0,384.0,GasA,5,Y,SBrkr,774,656,0,1430,0.0,0.0,2,1,3,1,3,8,8,1,TA,BuiltIn,2000.0,RFn,2.0,400.0,TA,TA,3,100,0,0,0,0,0,DNE,DNE,DNE,0,12,2007,WD ,170000
250,20*,RL,64.0,10475,Pave,DNE,1,Lvl,4,Corner,0,CollgCr,Norm,Norm,1Fam,1Story,8,5,2008,2008,Gable,CompShg,VinylSd,VinylSd,Stone,72.0,4,3,PConc,Gd,TA,Av,Unf,0.0,Unf,1694.0,1694.0,GasA,5,Y,SBrkr,1694,0,0,1694,0.0,0.0,2,0,3,1,4,7,8,0,DNE,Attchd,2008.0,RFn,3.0,776.0,TA,TA,3,160,33,0,0,0,0,DNE,DNE,DNE,0,2,2010,WD ,245350
176,30*,RM,47.0,4608,Pave,DNE,0,Lvl,4,Corner,0,OldTown,Artery,Norm,1Fam,1Story,4,6,1945,1950,Gable,CompShg,MetalSd,MetalSd,DNE,0.0,3,4,CBlock,TA,TA,No,Unf,0.0,Unf,747.0,747.0,GasA,3,Y,SBrkr,747,0,0,747,0.0,0.0,1,0,2,1,3,4,8,0,DNE,Attchd,1945.0,Unf,1.0,220.0,TA,TA,3,0,0,0,0,0,0,DNE,DNE,DNE,0,6,2010,WD ,80000
1601,180*,RM,21.0,1890,Pave,DNE,0,Lvl,4,Inside,0,MeadowV,Norm,Norm,Twnhs,SFoyer,4,7,1972,1972,Gable,CompShg,CemntBd,CmentBd,DNE,0.0,3,4,CBlock,Gd,TA,Av,ALQ,495.0,Unf,135.0,630.0,GasA,4,Y,SBrkr,630,0,0,630,1.0,0.0,1,0,1,1,3,3,8,0,DNE,DNE,1978.644525168656,DNE,0.0,0.0,DNE,DNE,3,88,0,0,0,0,0,DNE,DNE,DNE,0,6,2008,WD ,81000
399,20*,RL,60.0,6960,Pave,DNE,0,Lvl,4,Inside,0,NAmes,Norm,Norm,1Fam,1Story,4,6,1970,1970,Gable,CompShg,HdBoard,Plywood,DNE,0.0,3,3,CBlock,TA,TA,No,ALQ,375.0,BLQ,250.0,864.0,GasA,3,Y,SBrkr,864,0,0,864,0.0,0.0,1,0,3,1,4,5,8,0,DNE,Detchd,1989.0,Unf,2.0,660.0,TA,TA,3,96,0,0,0,0,0,DNE,DNE,Shed,500,11,2009,WD ,120500
2279,20*,RL,200.0,43500,Pave,DNE,0,Lvl,4,Inside,0,Mitchel,Artery,Norm,1Fam,1Story,3,5,1953,1953,Gable,CompShg,MetalSd,MetalSd,DNE,0.0,3,3,CBlock,DNE,DNE,DNE,DNE,0.0,DNE,0.0,0.0,GasA,5,Y,SBrkr,2034,0,0,2034,0.0,0.0,1,0,2,1,3,9,7,0,DNE,2Types,1953.0,RFn,4.0,1041.0,TA,TA,1,483,266,0,0,0,561,TA,GdPrv,DNE,0,6,2007,WD ,130000
617,20*,RL,128.0,12160,Pave,DNE,0,Lvl,4,Inside,0,NAmes,Feedr,Norm,1Fam,1Story,6,4,1953,1953,Hip,CompShg,Wd Sdng,Wd Sdng,BrkFace,90.0,3,3,CBlock,TA,TA,No,BLQ,1024.0,Unf,481.0,1505.0,GasA,5,Y,SBrkr,1505,0,0,1505,1.0,0.0,1,0,2,1,3,6,8,1,TA,Attchd,1953.0,RFn,2.0,505.0,TA,TA,3,0,0,0,162,0,0,DNE,DNE,DNE,0,2,2009,WD ,149500
2657,30*,RM,48.0,5747,Pave,DNE,0,Lvl,4,Inside,0,OldTown,Norm,Norm,1Fam,1Story,3,4,1920,1950,Gable,CompShg,Wd Sdng,Wd Sdng,DNE,0.0,3,3,PConc,TA,TA,No,Unf,0.0,Unf,798.0,798.0,GasA,4,Y,SBrkr,840,0,0,840,0.0,0.0,1,0,2,1,2,5,8,0,DNE,Detchd,1938.0,Unf,1.0,250.0,TA,Fa,1,112,0,0,0,0,0,DNE,DNE,DNE,0,6,2006,WD ,64000
685,20*,RL,70.0,7931,Pave,DNE,0,Lvl,4,Inside,0,NAmes,Norm,Norm,1Fam,1Story,5,5,1959,1959,Hip,CompShg,BrkFace,Plywood,DNE,0.0,3,3,CBlock,TA,TA,No,BLQ,1148.0,Unf,0.0,1148.0,GasA,3,Y,SBrkr,1148,0,0,1148,1.0,0.0,1,0,3,1,3,6,8,0,DNE,Attchd,1959.0,Unf,1.0,672.0,TA,TA,3,0,0,0,0,0,0,DNE,GdPrv,DNE,0,7,2009,WD ,132500
2365,160*,RM,24.0,2760,Pave,DNE,0,Lvl,4,Inside,0,BrDale,Norm,Norm,TwnhsE,2Story,6,5,1973,1973,Gable,CompShg,HdBoard,HdBoard,BrkFace,514.0,3,3,CBlock,TA,TA,No,Unf,0.0,Unf,525.0,525.0,GasA,3,Y,SBrkr,525,567,0,1092,0.0,0.0,1,1,3,1,3,6,8,0,DNE,Detchd,1973.0,Unf,2.0,440.0,TA,TA,3,0,0,0,0,0,0,DNE,DNE,DNE,0,12,2006,WD ,105500
586,60*,RL,80.0,10400,Pave,DNE,0,Lvl,4,Inside,0,NWAmes,PosA,Norm,1Fam,2Story,6,7,1967,1997,Gable,CompShg,MetalSd,MetalSd,BrkFace,256.0,3,3,PConc,TA,TA,No,Unf,0.0,Unf,932.0,932.0,GasA,4,Y,SBrkr,1271,1369,0,2640,0.0,0.0,2,1,5,1,4,8,8,1,TA,Attchd,1967.0,RFn,2.0,515.0,TA,TA,3,0,120,0,0,168,0,DNE,DNE,DNE,0,5,2009,WD ,256900
2330,60*,RL,59.0,16023,Pave,DNE,1,HLS,4,CulDSac,0,StoneBr,Norm,Norm,1Fam,2Story,9,5,2005,2006,Hip,CompShg,VinylSd,VinylSd,BrkFace,600.0,4,5,PConc,Ex,TA,Gd,GLQ,1218.0,Unf,180.0,1398.0,GasA,5,Y,SBrkr,1414,1384,0,2798,1.0,0.0,3,1,3,1,5,11,8,1,Gd,BuiltIn,2005.0,Fin,3.0,670.0,TA,TA,3,182,37,0,0,0,0,DNE,DNE,DNE,0,3,2006,New,457347
1402,20*,RL,73.0,39104,Pave,DNE,1,Low,4,CulDSac,2,ClearCr,Norm,Norm,1Fam,1Story,7,7,1954,2005,Flat,Membran,Plywood,Plywood,DNE,0.0,3,3,CBlock,Gd,TA,Gd,LwQ,226.0,GLQ,96.0,1385.0,GasA,5,Y,SBrkr,1363,0,0,1363,1.0,0.0,1,0,2,1,3,5,5,2,TA,Attchd,1954.0,Unf,2.0,439.0,TA,TA,3,81,0,0,0,0,0,DNE,DNE,DNE,0,4,2008,WD ,241500
1790,20*,RL,70.0,8251,Pave,DNE,0,Lvl,4,Inside,0,Somerst,Norm,Norm,1Fam,1Story,7,5,2005,2006,Gable,CompShg,VinylSd,VinylSd,BrkFace,143.0,4,3,PConc,Gd,Gd,Av,GLQ,778.0,Unf,716.0,1494.0,GasA,5,Y,SBrkr,1506,0,0,1506,1.0,0.0,2,0,3,1,4,7,8,1,Gd,Attchd,2005.0,RFn,2.0,672.0,TA,TA,3,192,35,0,0,0,0,DNE,DNE,DNE,0,4,2007,WD ,249000
316,20*,RL,88.0,11896,Pave,DNE,1,Lvl,4,Corner,0,Timber,Norm,Norm,1Fam,1Story,7,5,2008,2008,Gable,CompShg,VinylSd,VinylSd,Stone,60.0,4,3,PConc,Gd,TA,No,GLQ,78.0,Unf,1258.0,1336.0,GasA,5,Y,SBrkr,1346,0,0,1346,1.0,0.0,2,0,3,1,4,6,8,1,TA,Attchd,2008.0,Fin,3.0,660.0,TA,TA,3,100,48,0,0,0,0,DNE,DNE,DNE,0,5,2010,WD ,220000
2497,20*,RL,65.0,6993,Pave,DNE,0,Lvl,4,Inside,0,Sawyer,Feedr,Norm,1Fam,1Story,5,7,1961,1994,Gable,CompShg,HdBoard,Plywood,DNE,0.0,3,3,CBlock,TA,TA,No,BLQ,465.0,Unf,447.0,912.0,GasA,3,Y,SBrkr,1236,0,0,1236,0.0,0.0,1,0,3,1,3,6,8,1,TA,Attchd,1961.0,Unf,1.0,288.0,TA,TA,3,0,0,0,0,0,0,DNE,DNE,DNE,0,6,2006,WD ,135000
547,60*,RL,70.0,7703,Pave,DNE,0,Lvl,4,Inside,0,SawyerW,Norm,Norm,1Fam,2Story,6,6,1992,1992,Gable,CompShg,HdBoard,HdBoard,DNE,0.0,4,4,PConc,Gd,Gd,No,GLQ,52.0,Rec,400.0,816.0,GasA,5,Y,SBrkr,833,897,0,1730,0.0,0.0,2,1,3,1,4,6,8,0,DNE,Attchd,1992.0,RFn,2.0,528.0,TA,TA,3,0,91,0,0,168,0,DNE,DNE,DNE,0,11,2009,WD ,171500
2568,20*,RL,85.0,8500,Pave,DNE,0,Lvl,4,Inside,0,NAmes,Norm,Norm,1Fam,1Story,5,3,1961,1961,Hip,CompShg,HdBoard,HdBoard,BrkCmn,203.0,3,3,CBlock,TA,TA,No,Rec,600.0,Unf,635.0,1235.0,GasA,3,Y,SBrkr,1235,0,0,1235,0.0,0.0,1,0,2,1,3,6,8,0,DNE,Attchd,1961.0,Unf,2.0,480.0,TA,TA,3,0,0,0,0,0,0,DNE,GdWo,DNE,0,12,2006,WD ,98600
99,160*,FV,24.0,2544,Pave,Pave,0,Lvl,4,Inside,0,Somerst,Norm,Norm,Twnhs,2Story,6,5,2005,2005,Gable,CompShg,VinylSd,VinylSd,BrkFace,216.0,4,3,PConc,Gd,TA,No,GLQ,376.0,Unf,224.0,600.0,GasA,5,Y,SBrkr,600,636,0,1236,1.0,0.0,2,1,2,1,4,4,8,0,DNE,Detchd,2005.0,RFn,2.0,480.0,TA,TA,3,0,166,0,0,0,0,DNE,DNE,DNE,0,5,2010,WD ,152000
2388,60*,RL,108.0,13418,Pave,DNE,0,Lvl,4,Inside,0,NridgHt,Norm,Norm,1Fam,2Story,8,5,2004,2005,Gable,CompShg,VinylSd,VinylSd,Stone,132.0,4,3,PConc,Ex,TA,Av,Unf,0.0,Unf,1117.0,1117.0,GasA,5,Y,SBrkr,1132,1320,0,2452,0.0,0.0,3,1,4,1,4,9,8,1,Gd,BuiltIn,2004.0,Fin,3.0,691.0,TA,TA,3,113,32,0,0,0,0,DNE,DNE,DNE,0,9,2006,WD ,309000
1062,60*,RL,74.0,8899,Pave,DNE,0,Lvl,4,Inside,0,NridgHt,Norm,Norm,1Fam,2Story,8,5,2007,2007,Hip,CompShg,VinylSd,VinylSd,Stone,108.0,5,3,PConc,Gd,TA,Av,GLQ,40.0,Unf,908.0,948.0,GasA,5,Y,SBrkr,948,1140,0,2088,0.0,0.0,2,1,4,1,4,10,8,1,Gd,BuiltIn,2007.0,Fin,3.0,656.0,TA,TA,3,100,24,0,0,0,0,DNE,DNE,DNE,0,6,2008,WD ,250000
1464,60*,RL,65.0,8158,Pave,DNE,0,Lvl,4,Inside,0,CollgCr,Norm,Norm,1Fam,2Story,7,5,2003,2003,Gable,CompShg,VinylSd,VinylSd,BrkFace,252.0,4,3,PConc,Gd,TA,No,GLQ,550.0,Unf,334.0,884.0,GasA,5,Y,SBrkr,884,884,0,1768,1.0,0.0,2,1,3,1,4,8,8,0,DNE,Attchd,2003.0,RFn,2.0,543.0,TA,TA,3,0,63,0,0,0,0,DNE,DNE,DNE,0,7,2008,WD ,224900
1359,50*,RM,63.0,4347,Pave,DNE,0,Lvl,4,Inside,0,OldTown,Norm,Norm,1Fam,1.5Fin,6,8,1910,1950,Gambrel,CompShg,MetalSd,MetalSd,DNE,0.0,4,3,BrkTil,Gd,Gd,No,Unf,0.0,Unf,796.0,796.0,GasA,5,Y,SBrkr,825,784,0,1609,0.0,0.0,1,0,3,1,3,7,8,0,DNE,Detchd,1910.0,Unf,1.0,228.0,Fa,Fa,1,0,182,0,0,0,0,DNE,DNE,DNE,0,6,2008,WD ,127500
455,120*,RL,80.0,10307,Pave,DNE,1,Lvl,4,Inside,0,NridgHt,Norm,Norm,TwnhsE,1Story,7,5,2007,2008,Gable,CompShg,VinylSd,VinylSd,Stone,176.0,4,3,PConc,Gd,TA,No,GLQ,876.0,Unf,474.0,1350.0,GasA,5,Y,SBrkr,1358,0,0,1358,1.0,0.0,2,0,2,1,4,6,8,1,Gd,Attchd,2008.0,RFn,2.0,484.0,TA,TA,3,192,26,0,0,0,0,DNE,DNE,DNE,0,5,2009,WD ,212500
1011,60*,RL,101.0,13543,Pave,DNE,1,HLS,4,Corner,0,StoneBr,Norm,Norm,1Fam,2Story,8,5,2005,2005,Gable,CompShg,VinylSd,VinylSd,Stone,130.0,4,3,PConc,Ex,TA,Gd,GLQ,16.0,Unf,1152.0,1168.0,GasA,5,Y,SBrkr,1168,1332,0,2500,0.0,0.0,3,1,5,1,5,9,8,1,Gd,BuiltIn,2005.0,Fin,3.0,683.0,TA,TA,3,192,32,0,0,0,0,DNE,DNE,DNE,0,7,2008,WD ,355000
470,120*,RL,51.0,3635,Pave,DNE,0,Lvl,4,Inside,0,Blmngtn,Norm,Norm,TwnhsE,1Story,7,5,2007,2007,Hip,CompShg,VinylSd,VinylSd,BrkFace,130.0,4,3,PConc,Gd,TA,No,ALQ,988.0,Unf,398.0,1386.0,GasA,5,Y,SBrkr,1569,0,0,1569,0.0,1.0,2,0,1,1,4,7,8,1,TA,Attchd,2007.0,RFn,3.0,660.0,TA,TA,3,143,20,0,0,0,0,DNE,DNE,DNE,0,5,2009,WD ,175900
799,70*,RL,60.0,9084,Pave,DNE,0,Lvl,4,Inside,0,Edwards,Artery,Norm,1Fam,2Story,4,5,1940,1950,Gable,CompShg,MetalSd,MetalSd,DNE,0.0,3,3,CBlock,TA,TA,Mn,Unf,0.0,Unf,755.0,755.0,GasA,3,Y,SBrkr,755,755,0,1510,1.0,0.0,1,0,4,1,3,7,8,1,Gd,Detchd,1940.0,Unf,1.0,296.0,Fa,Po,2,120,0,0,0,0,0,DNE,MnPrv,DNE,0,10,2009,WD ,108000
2770,20*,RL,95.0,13015,Pave,DNE,0,Lvl,4,Corner,0,CollgCr,Norm,Norm,1Fam,1Story,5,6,1996,1996,Gable,CompShg,VinylSd,VinylSd,DNE,0.0,3,4,PConc,Gd,TA,No,Unf,0.0,Unf,1100.0,1100.0,GasA,5,Y,SBrkr,1100,0,0,1100,0.0,0.0,1,1,3,1,3,5,8,0,DNE,Attchd,1996.0,RFn,2.0,462.0,TA,TA,3,0,0,0,0,0,0,DNE,DNE,DNE,0,6,2006,WD ,145000
512,20*,RL,76.0,9139,Pave,DNE,1,Lvl,4,Inside,0,Somerst,Norm,Norm,1Fam,1Story,8,5,2006,2006,Hip,CompShg,VinylSd,VinylSd,Stone,206.0,4,3,PConc,Ex,TA,Av,GLQ,379.0,Unf,1043.0,1422.0,GasA,5,Y,SBrkr,1432,0,0,1432,0.0,0.0,2,0,3,1,4,7,8,1,Gd,Attchd,2006.0,Fin,2.0,492.0,TA,TA,3,297,50,0,0,0,0,DNE,DNE,DNE,0,9,2009,WD ,245000
1759,60*,RL,58.0,9487,Pave,DNE,1,Lvl,4,Inside,0,Gilbert,Norm,Norm,1Fam,2Story,6,5,2000,2000,Gable,CompShg,VinylSd,VinylSd,DNE,0.0,3,3,PConc,Gd,TA,No,GLQ,520.0,Unf,395.0,915.0,GasA,5,Y,SBrkr,940,750,0,1690,1.0,0.0,2,1,3,1,3,7,8,1,TA,Attchd,2000.0,RFn,2.0,442.0,TA,TA,3,0,50,0,0,0,0,DNE,DNE,DNE,0,6,2007,WD ,187000
490,80*,RL,62.0,7750,Pave,DNE,0,Lvl,4,Inside,0,Gilbert,Norm,Norm,1Fam,SLvl,7,5,1999,2000,Gable,CompShg,VinylSd,VinylSd,DNE,0.0,3,3,PConc,Gd,TA,No,Unf,0.0,Unf,384.0,384.0,GasA,5,Y,SBrkr,774,656,0,1430,0.0,0.0,2,1,3,1,3,7,8,1,TA,BuiltIn,1999.0,RFn,2.0,400.0,TA,TA,3,0,0,0,0,0,0,DNE,DNE,DNE,0,3,2009,WD ,156000
1644,20*,RL,0.0,12546,Pave,DNE,1,Lvl,4,Corner,0,NWAmes,Norm,Norm,1Fam,1Story,6,7,1981,1981,Gable,CompShg,MetalSd,MetalSd,BrkFace,310.0,4,4,CBlock,Gd,TA,No,BLQ,678.0,Unf,762.0,1440.0,GasA,5,Y,SBrkr,1440,0,0,1440,0.0,0.0,2,0,3,1,4,7,8,1,TA,Attchd,1981.0,Fin,2.0,467.0,TA,TA,3,0,0,99,0,0,0,DNE,DNE,DNE,0,4,2007,WD ,182900
2106,60*,RL,85.0,11103,Pave,DNE,1,Lvl,4,Corner,0,CollgCr,Norm,Norm,1Fam,2Story,7,5,2006,2006,Gable,CompShg,VinylSd,VinylSd,DNE,0.0,4,3,PConc,Gd,TA,No,Unf,0.0,Unf,728.0,728.0,GasA,5,Y,SBrkr,728,728,0,1456,0.0,0.0,2,1,3,1,4,8,8,1,TA,Attchd,2006.0,Fin,2.0,440.0,TA,TA,3,0,0,0,0,0,0,DNE,DNE,DNE,0,7,2007,New,155835
1639,190*,RL,195.0,41600,Pave,DNE,1,Lvl,4,FR2,0,Gilbert,Norm,Norm,2fmCon,1Story,5,5,1969,1990,Gable,CompShg,HdBoard,HdBoard,DNE,0.0,3,3,CBlock,Gd,TA,Gd,ALQ,1047.0,Unf,53.0,1100.0,GasW,3,Y,SBrkr,1424,0,0,1424,1.0,0.0,1,1,3,1,3,7,5,0,DNE,2Types,1969.0,Unf,3.0,828.0,TA,TA,1,144,0,0,0,0,0,DNE,DNE,DNE,0,11,2007,WD ,155000
2448,60*,RL,78.0,12011,Pave,DNE,1,Lvl,4,CulDSac,0,NoRidge,Norm,Norm,1Fam,2Story,8,5,1998,1998,Gable,CompShg,VinylSd,VinylSd,BrkFace,530.0,4,3,PConc,Gd,TA,Av,GLQ,956.0,Unf,130.0,1086.0,GasA,5,Y,SBrkr,1086,838,0,1924,1.0,0.0,2,1,3,1,4,7,8,1,TA,Attchd,1998.0,RFn,2.0,592.0,TA,TA,3,208,75,0,0,374,0,DNE,DNE,DNE,0,6,2006,WD ,280000
2041,50*,RM,0.0,12358,Pave,DNE,1,Lvl,4,Inside,0,OldTown,Feedr,Norm,1Fam,1.5Fin,5,6,1941,1950,Gable,CompShg,MetalSd,MetalSd,DNE,0.0,3,3,CBlock,TA,TA,No,Rec,360.0,Unf,360.0,720.0,GasA,3,Y,SBrkr,854,0,528,1382,0.0,0.0,1,1,2,1,3,7,8,0,DNE,Detchd,1991.0,Unf,2.0,660.0,TA,TA,3,237,0,0,0,0,0,DNE,DNE,DNE,0,5,2007,WD ,128500
546,20*,RL,65.0,8529,Pave,DNE,1,Lvl,4,Inside,0,SawyerW,Norm,Norm,1Fam,1Story,7,5,2001,2001,Gable,CompShg,VinylSd,VinylSd,DNE,0.0,4,3,PConc,Gd,TA,No,GLQ,20.0,Unf,1434.0,1454.0,GasA,5,Y,SBrkr,1434,0,0,1434,0.0,0.0,2,0,3,1,4,6,8,1,TA,Attchd,2001.0,RFn,2.0,527.0,TA,TA,3,290,39,0,0,0,0,DNE,DNE,DNE,0,4,2009,WD ,189000
1462,20*,RL,0.0,14860,Pave,DNE,2,Lvl,4,CulDSac,0,CollgCr,Norm,Norm,1Fam,1Story,8,5,2002,2003,Hip,CompShg,VinylSd,VinylSd,BrkFace,240.0,4,3,PConc,Ex,TA,Gd,GLQ,1538.0,Unf,240.0,1778.0,GasA,5,Y,SBrkr,1786,0,0,1786,1.0,0.0,2,0,3,1,4,6,8,1,Gd,Attchd,2002.0,RFn,3.0,715.0,TA,TA,3,182,35,0,0,0,0,DNE,DNE,DNE,0,6,2008,WD ,300000
1069,60*,RL,112.0,16451,Pave,DNE,1,Lvl,4,Corner,0,NridgHt,Norm,Norm,1Fam,2Story,8,5,2003,2003,Gable,CompShg,VinylSd,VinylSd,BrkFace,221.0,4,3,PConc,Ex,TA,Gd,Unf,0.0,Unf,1765.0,1765.0,GasA,5,Y,SBrkr,1804,886,0,2690,0.0,0.0,2,1,4,1,4,9,8,1,Gd,BuiltIn,2003.0,Fin,3.0,795.0,TA,TA,3,268,58,0,0,0,0,DNE,DNE,DNE,0,7,2008,WD ,370000
2798,60*,RL,0.0,21533,Pave,DNE,2,Lvl,4,FR2,0,CollgCr,Feedr,Norm,1Fam,2Story,7,5,1996,1997,Gable,CompShg,VinylSd,VinylSd,DNE,0.0,4,3,PConc,Gd,TA,No,Unf,0.0,Unf,1065.0,1065.0,GasA,5,Y,SBrkr,1065,984,0,2049,0.0,0.0,2,1,4,1,4,9,8,1,TA,Attchd,1997.0,Unf,2.0,467.0,TA,TA,3,120,48,0,0,0,0,DNE,DNE,DNE,0,8,2006,WD ,210900
1665,60*,RL,0.0,7472,Pave,DNE,1,Lvl,4,CulDSac,0,NAmes,Norm,Norm,1Fam,2Story,7,9,1972,2004,Gable,CompShg,HdBoard,HdBoard,BrkFace,138.0,3,3,CBlock,TA,TA,No,ALQ,626.0,Unf,99.0,725.0,GasA,4,Y,SBrkr,725,754,0,1479,1.0,0.0,1,1,4,1,4,7,8,0,DNE,Attchd,1972.0,Fin,2.0,484.0,TA,TA,3,0,32,0,0,0,0,DNE,DNE,DNE,0,6,2007,WD ,184000
1990,70*,RM,0.0,10337,Pave,Pave,1,Lvl,4,Inside,0,OldTown,Norm,Norm,1Fam,2Story,8,9,1910,1999,Hip,CompShg,VinylSd,VinylSd,DNE,0.0,4,4,BrkTil,TA,TA,No,Unf,0.0,Unf,725.0,725.0,GasA,5,N,SBrkr,909,863,0,1772,0.0,0.0,2,1,3,1,4,7,8,0,DNE,Detchd,1992.0,Unf,2.0,816.0,TA,TA,3,0,0,0,0,0,0,DNE,MnPrv,DNE,0,5,2007,WD ,184900
1532,70*,RL,60.0,7200,Pave,DNE,0,HLS,4,Inside,1,Crawfor,Norm,Norm,1Fam,2Story,7,6,1931,2000,Gable,CompShg,Stucco,Wd Shng,DNE,0.0,3,2,BrkTil,Gd,TA,No,Unf,0.0,Unf,776.0,776.0,GasA,3,Y,SBrkr,851,651,0,1502,0.0,0.0,1,1,3,1,3,6,8,1,Gd,Attchd,1931.0,RFn,1.0,270.0,TA,TA,2,0,0,112,0,0,0,DNE,MnPrv,DNE,0,2,2008,WD ,149000
652,60*,RL,78.0,11419,Pave,DNE,0,Lvl,4,Corner,0,NAmes,Artery,Norm,1Fam,2Story,7,7,1948,1999,Gable,CompShg,WdShing,Wd Shng,DNE,0.0,3,3,CBlock,TA,TA,Mn,ALQ,699.0,Unf,0.0,699.0,GasA,5,Y,FuseA,801,726,0,1527,1.0,0.0,1,1,3,1,3,6,8,1,Gd,Attchd,1948.0,Unf,2.0,410.0,TA,TA,3,0,0,134,0,0,0,DNE,GdWo,DNE,0,12,2009,WD ,152500
180,50*,RM,69.0,11851,Pave,DNE,0,Lvl,4,Inside,0,OldTown,Artery,Norm,1Fam,1.5Fin,5,7,1948,2009,Gable,CompShg,VinylSd,VinylSd,DNE,0.0,3,4,BrkTil,TA,TA,No,BLQ,780.0,Unf,247.0,1027.0,GasA,5,Y,SBrkr,1027,606,0,1633,0.0,0.0,1,0,3,1,4,7,8,1,Gd,Detchd,1948.0,Unf,1.0,240.0,TA,TA,3,0,100,126,0,0,0,DNE,DNE,DNE,0,6,2010,WD ,129000
1940,20*,RL,70.0,13300,Pave,DNE,0,Lvl,4,Inside,0,NAmes,Norm,Norm,1Fam,1Story,5,7,1956,2000,Hip,CompShg,Wd Sdng,Wd Sdng,DNE,0.0,3,3,CBlock,Gd,TA,No,Rec,377.0,Unf,551.0,928.0,GasA,3,Y,SBrkr,928,0,0,928,0.0,0.0,1,0,2,1,3,4,8,0,DNE,Attchd,1956.0,Unf,1.0,252.0,TA,TA,3,261,0,156,0,0,0,DNE,DNE,DNE,0,6,2007,WD ,132000
2190,20*,RL,68.0,9450,Pave,DNE,0,Bnk,4,Inside,1,Edwards,Norm,Norm,1Fam,1Story,4,5,1954,1954,Gable,CompShg,MetalSd,MetalSd,DNE,0.0,3,3,CBlock,TA,TA,No,LwQ,552.0,Unf,342.0,894.0,GasA,5,Y,SBrkr,894,0,0,894,0.0,0.0,1,0,3,1,3,5,8,0,DNE,Detchd,1999.0,Unf,2.0,400.0,TA,TA,3,0,0,0,0,0,0,DNE,DNE,DNE,0,5,2007,WD ,110000
1278,90*,RL,113.0,8513,Pave,DNE,0,Lvl,4,Corner,0,NAmes,Artery,Norm,Duplex,1Story,5,5,1961,1961,Gable,CompShg,BrkFace,Wd Sdng,DNE,0.0,3,3,CBlock,TA,TA,Av,Unf,0.0,Unf,1800.0,1800.0,GasA,3,N,SBrkr,1800,0,0,1800,0.0,0.0,2,0,6,2,3,10,8,0,DNE,DNE,1978.644525168656,DNE,0.0,0.0,DNE,DNE,1,0,0,0,0,0,0,DNE,DNE,DNE,0,11,2008,WD ,130000
2150,60*,RL,65.0,8158,Pave,DNE,0,Lvl,4,Inside,0,CollgCr,Norm,Norm,1Fam,2Story,7,5,2002,2002,Gable,CompShg,VinylSd,VinylSd,BrkFace,214.0,4,3,PConc,Gd,TA,No,Unf,0.0,Unf,860.0,860.0,GasA,5,Y,SBrkr,860,869,0,1729,0.0,0.0,2,1,3,1,4,7,8,0,DNE,Attchd,2002.0,Fin,2.0,542.0,TA,TA,3,386,63,0,0,0,0,DNE,DNE,DNE,0,8,2007,WD ,200000
1182,20*,RL,0.0,11120,Pave,DNE,1,Lvl,4,CulDSac,0,Veenker,Norm,Norm,1Fam,1Story,6,6,1984,1984,Gable,CompShg,Plywood,Plywood,DNE,0.0,3,3,PConc,Gd,TA,No,BLQ,660.0,Unf,572.0,1232.0,GasA,3,Y,SBrkr,1232,0,0,1232,0.0,0.0,2,0,3,1,3,6,8,0,DNE,Attchd,1984.0,Unf,2.0,516.0,TA,TA,3,0,0,0,0,0,0,DNE,DNE,DNE,0,6,2008,WD ,162500
1667,20*,RL,66.0,7920,Pave,DNE,0,Lvl,4,Inside,0,NAmes,Norm,Norm,1Fam,1Story,5,5,1970,2002,Gable,CompShg,HdBoard,HdBoard,BrkFace,32.0,3,3,CBlock,TA,TA,No,ALQ,81.0,GLQ,214.0,914.0,GasA,5,Y,SBrkr,914,0,0,914,0.0,0.0,1,0,3,1,5,5,8,0,DNE,Attchd,1970.0,RFn,1.0,368.0,TA,Gd,3,120,0,0,0,0,0,DNE,DNE,DNE,0,10,2007,WD ,133000
89,20*,RL,0.0,6897,Pave,DNE,1,Lvl,4,Corner,0,Sawyer,Norm,Norm,1Fam,1Story,5,8,1962,2010,Gable,CompShg,HdBoard,HdBoard,DNE,0.0,3,4,CBlock,TA,TA,No,ALQ,659.0,Unf,381.0,1040.0,GasA,5,Y,SBrkr,1040,0,0,1040,1.0,0.0,1,1,3,1,3,6,8,0,DNE,Detchd,1962.0,Unf,1.0,260.0,TA,TA,3,0,104,0,0,0,0,DNE,DNE,DNE,0,4,2010,WD ,127000
2261,20*,RL,68.0,8298,Pave,DNE,1,HLS,4,Inside,0,Timber,Norm,Norm,1Fam,1Story,8,5,2006,2007,Hip,CompShg,VinylSd,VinylSd,DNE,0.0,4,3,PConc,Gd,TA,Av,GLQ,583.0,Unf,963.0,1546.0,GasA,5,Y,SBrkr,1564,0,0,1564,0.0,0.0,2,0,2,1,5,6,8,1,Gd,Attchd,2207.0,RFn,2.0,502.0,TA,TA,3,132,0,0,0,0,0,DNE,DNE,DNE,0,9,2007,New,267300
1248,20*,RL,0.0,12774,Pave,DNE,0,Lvl,4,Inside,2,NAmes,Norm,Norm,1Fam,1Story,5,5,1953,1953,Hip,CompShg,MetalSd,MetalSd,DNE,0.0,3,3,PConc,TA,TA,No,BLQ,624.0,LwQ,232.0,984.0,GasW,3,N,SBrkr,950,0,0,950,0.0,0.0,1,0,2,1,3,5,8,0,DNE,Detchd,1953.0,Unf,2.0,400.0,TA,TA,3,0,32,0,0,0,0,DNE,GdWo,DNE,0,7,2008,WD ,130000
981,85*,RL,50.0,7689,Pave,DNE,1,Lvl,4,Inside,0,Mitchel,Norm,Norm,1Fam,SFoyer,5,8,1972,1972,Gable,CompShg,MetalSd,MetalSd,DNE,0.0,3,3,CBlock,Gd,TA,Av,GLQ,720.0,BLQ,0.0,796.0,GasA,4,Y,SBrkr,796,0,0,796,0.0,1.0,1,0,2,1,3,4,8,0,DNE,Detchd,1998.0,Unf,1.0,336.0,TA,TA,3,138,0,0,0,0,0,DNE,MnPrv,DNE,0,7,2009,WD ,131900
2309,20*,RL,0.0,39384,Pave,DNE,1,Low,4,CulDSac,2,NAmes,Norm,Norm,1Fam,1Story,6,6,1957,1957,Gable,CompShg,Wd Sdng,Wd Sdng,Stone,902.0,3,3,CBlock,Gd,TA,Gd,ALQ,1110.0,Unf,595.0,1705.0,GasA,5,Y,SBrkr,1390,0,0,1390,1.0,0.0,1,1,1,1,5,4,7,2,Gd,Attchd,1957.0,Unf,2.0,550.0,TA,TA,3,0,189,0,0,0,0,DNE,DNE,DNE,0,10,2006,WD ,252000
1305,20*,RM,50.0,6000,Pave,DNE,0,Lvl,4,Corner,0,OldTown,Norm,Norm,1Fam,1Story,4,7,1954,2000,Gable,CompShg,MetalSd,MetalSd,DNE,0.0,3,3,CBlock,TA,TA,No,Unf,0.0,Unf,901.0,901.0,GasA,5,Y,SBrkr,901,0,0,901,0.0,0.0,1,0,2,1,3,4,8,0,DNE,Detchd,1954.0,Unf,1.0,281.0,Fa,TA,3,0,0,0,0,0,0,DNE,DNE,DNE,0,8,2008,WD ,107900
1657,20*,RL,128.0,13001,Pave,DNE,1,Lvl,4,Inside,0,NWAmes,PosN,Norm,1Fam,1Story,6,5,1971,1971,Hip,CompShg,HdBoard,HdBoard,BrkFace,176.0,3,3,CBlock,TA,TA,Mn,ALQ,492.0,BLQ,1012.0,1625.0,GasA,3,Y,SBrkr,1220,0,0,1220,0.0,1.0,2,0,2,1,3,6,8,1,TA,Attchd,1971.0,Unf,2.0,944.0,TA,TA,3,0,0,249,0,0,0,DNE,DNE,DNE,0,9,2007,WD ,170000
2243,190*,C (all),75.0,8250,Pave,DNE,0,Lvl,4,Inside,0,IDOTRR,Feedr,Norm,2fmCon,2Story,5,6,1895,2006,Gable,CompShg,VinylSd,VinylSd,DNE,0.0,3,4,CBlock,TA,TA,No,Unf,0.0,Unf,957.0,957.0,GasA,2,N,SBrkr,1034,957,0,1991,0.0,0.0,2,0,4,2,3,9,8,0,DNE,DNE,1978.644525168656,DNE,0.0,0.0,DNE,DNE,1,0,0,133,0,0,0,DNE,DNE,DNE,0,6,2007,WD ,119600
136,90*,RL,80.0,11600,Pave,DNE,0,Lvl,4,Corner,0,NAmes,Feedr,Norm,Duplex,2Story,5,5,1960,1960,Gable,CompShg,MetalSd,MetalSd,BrkFace,361.0,3,3,CBlock,TA,TA,No,Rec,443.0,Unf,662.0,1105.0,GasA,3,Y,FuseA,1105,1169,0,2274,0.0,0.0,2,0,5,2,3,12,8,0,DNE,Detchd,1960.0,Unf,2.0,480.0,TA,TA,3,0,0,0,0,0,0,DNE,DNE,DNE,0,1,2010,WD ,154300
264,20*,RL,80.0,10389,Pave,DNE,0,Lvl,4,Inside,0,CollgCr,Norm,Norm,1Fam,1Story,8,5,2003,2003,Hip,CompShg,CemntBd,CmentBd,BrkFace,320.0,4,3,PConc,Gd,TA,No,GLQ,1682.0,Unf,296.0,1978.0,GasA,5,Y,SBrkr,1978,0,0,1978,1.0,0.0,2,1,3,1,4,8,8,1,Gd,Attchd,2003.0,RFn,3.0,850.0,TA,TA,3,188,25,0,0,0,0,DNE,DNE,DNE,0,5,2010,WD ,318000
1885,20*,RL,70.0,7535,Pave,DNE,1,Lvl,4,Inside,0,NAmes,Norm,Norm,1Fam,1Story,5,7,1958,1985,Gable,CompShg,MetalSd,MetalSd,DNE,0.0,3,3,CBlock,TA,TA,No,BLQ,111.0,LwQ,522.0,912.0,GasA,2,Y,SBrkr,912,0,0,912,0.0,1.0,1,0,2,1,3,5,8,0,DNE,Attchd,1958.0,Fin,1.0,297.0,TA,TA,3,12,285,0,0,0,0,DNE,MnWw,Shed,480,6,2007,WD ,120000
26,20*,RL,65.0,8450,Pave,DNE,0,Lvl,4,Inside,0,NAmes,Norm,Norm,1Fam,1Story,5,6,1968,1968,Gable,CompShg,VinylSd,VinylSd,DNE,0.0,3,3,CBlock,TA,TA,No,BLQ,775.0,Unf,281.0,1056.0,GasA,5,Y,SBrkr,1056,0,0,1056,1.0,0.0,1,0,3,1,3,6,8,1,Fa,Attchd,1968.0,Unf,1.0,304.0,TA,TA,3,0,85,184,0,0,0,DNE,DNE,DNE,0,7,2010,WD ,142000
527,60*,FV,65.0,8125,Pave,DNE,0,Lvl,4,Inside,0,Somerst,Norm,Norm,1Fam,2Story,7,5,2006,2007,Gable,CompShg,CemntBd,CmentBd,Stone,100.0,4,3,PConc,Gd,TA,No,GLQ,812.0,Unf,280.0,1092.0,GasA,5,Y,SBrkr,1112,438,0,1550,1.0,0.0,2,0,2,1,4,7,8,0,DNE,Attchd,2007.0,Fin,2.0,438.0,TA,TA,3,0,168,0,0,0,0,DNE,DNE,DNE,0,10,2009,WD ,241000
1192,60*,RL,90.0,10800,Pave,DNE,0,Lvl,4,Inside,0,NWAmes,Norm,Norm,1Fam,2Story,6,7,1974,1997,Gable,CompShg,HdBoard,HdBoard,DNE,0.0,3,3,CBlock,TA,TA,No,ALQ,956.0,Rec,384.0,1522.0,GasA,3,Y,SBrkr,1548,1066,0,2614,0.0,0.0,2,1,4,1,3,9,8,1,TA,Attchd,1974.0,RFn,2.0,624.0,TA,TA,3,38,243,0,0,0,0,DNE,DNE,DNE,0,6,2008,WD ,240000
816,90*,RL,0.0,11855,Pave,DNE,0,Lvl,4,Inside,0,SawyerW,Norm,Norm,Duplex,2Story,7,5,2000,2000,Hip,CompShg,VinylSd,VinylSd,BrkFace,23.0,3,3,PConc,Ex,TA,No,GLQ,820.0,Unf,348.0,1168.0,GasA,5,Y,SBrkr,1168,1619,0,2787,2.0,0.0,4,2,6,2,3,8,8,2,TA,BuiltIn,2000.0,Fin,4.0,820.0,TA,TA,3,312,0,0,0,0,0,DNE,DNE,DNE,0,10,2009,WD ,269500
2816,20*,RL,65.0,8767,Pave,DNE,1,Lvl,4,Inside,0,CollgCr,Norm,Norm,1Fam,1Story,7,5,2005,2005,Gable,CompShg,VinylSd,VinylSd,DNE,0.0,4,3,PConc,Gd,TA,Av,GLQ,24.0,Unf,1286.0,1310.0,GasA,5,Y,SBrkr,1310,0,0,1310,0.0,0.0,2,0,3,1,4,6,8,1,Gd,Attchd,2005.0,Fin,2.0,400.0,TA,TA,3,0,0,0,0,0,0,DNE,DNE,DNE,0,7,2006,New,164990
2434,60*,RL,59.0,9171,Pave,DNE,1,Lvl,4,Inside,0,Gilbert,Norm,Norm,1Fam,2Story,7,5,2004,2005,Gable,CompShg,VinylSd,VinylSd,DNE,0.0,4,3,PConc,Gd,TA,Av,Unf,0.0,Unf,848.0,848.0,GasA,5,Y,SBrkr,848,750,0,1598,0.0,0.0,2,1,3,1,4,7,8,1,Gd,Attchd,2004.0,Fin,2.0,433.0,TA,TA,3,100,48,0,0,0,0,DNE,DNE,DNE,0,7,2006,WD ,201490
2216,50*,RL,110.0,7810,Pave,DNE,1,HLS,4,Inside,0,Crawfor,Norm,Norm,1Fam,1.5Fin,4,6,1930,2003,Gable,CompShg,AsbShng,CmentBd,DNE,0.0,3,4,BrkTil,TA,Gd,No,GLQ,189.0,Unf,741.0,930.0,GasA,5,Y,SBrkr,1230,525,0,1755,0.0,0.0,2,0,4,1,4,7,8,1,TA,Detchd,1930.0,Unf,1.0,231.0,Fa,TA,3,0,40,0,0,0,0,DNE,DNE,DNE,0,11,2007,WD ,188000
2569,60*,RL,88.0,14200,Pave,DNE,0,Lvl,4,Corner,0,NAmes,Norm,Norm,1Fam,2Story,7,6,1966,1966,Gable,CompShg,MetalSd,MetalSd,BrkFace,309.0,3,3,CBlock,TA,TA,No,Rec,445.0,Unf,479.0,924.0,GasA,5,Y,SBrkr,1216,941,0,2157,0.0,0.0,2,1,4,1,4,8,8,2,Gd,Attchd,1966.0,Fin,2.0,487.0,TA,TA,3,105,66,0,0,0,0,DNE,GdPrv,DNE,0,5,2006,WD ,226000
248,60*,RL,80.0,9938,Pave,DNE,0,Lvl,4,Inside,0,SawyerW,Norm,Norm,1Fam,2Story,7,5,1993,1994,Gable,CompShg,MetalSd,MetalSd,BrkFace,246.0,4,3,PConc,Gd,TA,No,GLQ,750.0,Unf,300.0,1050.0,GasA,5,Y,SBrkr,1062,887,0,1949,1.0,0.0,2,1,3,1,4,8,8,1,TA,Attchd,1993.0,Fin,2.0,574.0,TA,TA,3,156,90,0,0,0,0,DNE,GdPrv,DNE,0,6,2010,WD ,236000
2369,160*,RM,21.0,1680,Pave,DNE,0,Lvl,4,Inside,0,BrDale,Norm,Norm,Twnhs,2Story,6,5,1971,1971,Gable,CompShg,CemntBd,CmentBd,BrkFace,236.0,3,3,CBlock,TA,TA,No,Unf,0.0,Unf,672.0,672.0,GasA,3,Y,SBrkr,672,546,0,1218,0.0,0.0,1,1,3,1,3,7,8,0,DNE,DNE,1978.644525168656,DNE,0.0,0.0,DNE,DNE,1,201,0,0,0,0,0,DNE,DNE,DNE,0,4,2006,WD ,91500
1774,60*,RL,88.0,11762,Pave,DNE,0,Lvl,4,Inside,0,NoRidge,Norm,Norm,1Fam,2Story,8,5,1992,1993,Gable,CompShg,VinylSd,VinylSd,BrkFace,309.0,4,3,PConc,Ex,TA,No,GLQ,335.0,Unf,770.0,1105.0,GasA,5,Y,SBrkr,1105,1097,0,2202,1.0,0.0,2,1,4,1,4,9,8,1,TA,Attchd,1992.0,RFn,2.0,517.0,TA,TA,3,0,65,0,0,144,0,DNE,DNE,DNE,0,9,2007,WD ,263000
2272,20*,RL,85.0,14536,Pave,DNE,0,Lvl,4,Inside,0,Timber,Norm,Norm,1Fam,1Story,8,5,2002,2003,Hip,CompShg,VinylSd,VinylSd,BrkFace,236.0,4,3,PConc,Gd,TA,Av,GLQ,1300.0,Unf,316.0,1616.0,GasA,5,Y,SBrkr,1629,0,0,1629,1.0,0.0,2,0,3,1,4,9,8,1,Gd,Attchd,2002.0,Fin,3.0,808.0,TA,TA,3,0,252,0,0,0,0,DNE,DNE,DNE,0,11,2007,WD ,270000
1049,120*,RL,24.0,2529,Pave,DNE,0,Lvl,4,Inside,0,NPkVill,Norm,Norm,Twnhs,1Story,7,6,1977,1977,Gable,CompShg,Plywood,Brk Cmn,DNE,0.0,3,3,CBlock,Gd,TA,No,ALQ,378.0,Unf,677.0,1055.0,GasA,2,Y,SBrkr,1055,0,0,1055,0.0,0.0,2,0,2,1,3,4,8,0,DNE,Attchd,1977.0,Unf,2.0,440.0,TA,TA,3,0,38,0,0,0,0,DNE,DNE,DNE,0,9,2008,WD ,148500
1053,20*,RL,114.0,14803,Pave,DNE,0,Lvl,4,Inside,0,NridgHt,PosN,PosN,1Fam,1Story,10,5,2007,2008,Hip,CompShg,CemntBd,CmentBd,BrkFace,816.0,5,3,PConc,Ex,TA,Av,GLQ,1636.0,Unf,442.0,2078.0,GasA,5,Y,SBrkr,2084,0,0,2084,1.0,0.0,2,0,2,1,5,7,8,1,Gd,Attchd,2007.0,Fin,3.0,1220.0,TA,TA,3,188,45,0,0,0,0,DNE,DNE,DNE,0,6,2008,New,385000
1213,80*,RL,85.0,9350,Pave,DNE,0,Lvl,4,Inside,0,NAmes,Norm,Norm,1Fam,SLvl,5,8,1965,1999,Gable,CompShg,BrkFace,BrkFace,DNE,0.0,3,4,PConc,TA,TA,Gd,ALQ,633.0,Unf,586.0,1219.0,GasA,4,Y,SBrkr,1265,0,0,1265,0.0,1.0,2,0,3,1,4,6,8,1,Gd,Attchd,1965.0,RFn,2.0,502.0,TA,TA,3,0,92,0,96,0,0,DNE,MnPrv,DNE,0,10,2008,WD ,179900
2496,20*,RL,0.0,8020,Pave,DNE,1,Lvl,4,Inside,0,Sawyer,Norm,Norm,1Fam,1Story,5,6,1964,1964,Gable,CompShg,HdBoard,HdBoard,DNE,0.0,3,3,CBlock,TA,TA,No,ALQ,644.0,Unf,268.0,912.0,GasA,3,N,SBrkr,912,0,0,912,0.0,0.0,1,0,3,1,3,6,8,0,DNE,DNE,1978.644525168656,DNE,0.0,0.0,DNE,DNE,3,0,0,0,0,0,0,DNE,GdWo,DNE,0,4,2006,WD ,124000
2677,50*,RM,0.0,6240,Pave,DNE,0,Lvl,4,Inside,0,BrkSide,Norm,Norm,1Fam,1.5Fin,5,4,1936,1950,Gable,CompShg,MetalSd,MetalSd,DNE,0.0,3,3,BrkTil,Gd,TA,No,Unf,0.0,Unf,896.0,896.0,GasA,4,Y,FuseA,896,448,0,1344,0.0,0.0,1,0,3,1,3,7,8,0,DNE,Detchd,1936.0,Unf,1.0,240.0,Fa,TA,3,200,114,0,0,0,0,DNE,DNE,DNE,0,4,2006,WD ,115000
2038,190*,RM,52.0,4330,Pave,Grvl,0,Lvl,4,Inside,0,IDOTRR,Norm,Norm,2fmCon,1.5Fin,4,6,1958,1958,Gable,CompShg,MetalSd,MetalSd,DNE,0.0,3,3,BrkTil,Fa,TA,No,Rec,681.0,ALQ,0.0,808.0,GasA,3,Y,SBrkr,838,477,0,1315,1.0,0.0,2,0,3,1,3,5,8,0,DNE,Detchd,1958.0,RFn,2.0,436.0,TA,TA,3,0,0,0,0,0,0,DNE,DNE,DNE,0,2,2007,COD,99500
1767,60*,RL,83.0,10790,Pave,DNE,0,Lvl,4,Inside,0,NoRidge,Norm,Norm,1Fam,2Story,7,5,1998,1998,Gable,CompShg,VinylSd,VinylSd,BrkFace,275.0,4,3,PConc,Gd,TA,No,Unf,0.0,Unf,1066.0,1066.0,GasA,5,Y,SBrkr,1108,1277,0,2385,0.0,0.0,2,1,4,1,4,8,8,1,TA,BuiltIn,1998.0,Fin,3.0,600.0,TA,TA,3,120,38,0,0,0,0,DNE,DNE,DNE,0,5,2007,WD ,252000
1423,80*,RL,85.0,10541,Pave,DNE,1,Lvl,4,Corner,0,SawyerW,Norm,Norm,1Fam,SLvl,7,5,1996,1996,Gable,CompShg,VinylSd,VinylSd,DNE,0.0,4,3,PConc,Gd,TA,Av,Unf,0.0,Unf,672.0,672.0,GasA,5,Y,SBrkr,1302,735,0,2037,0.0,0.0,2,1,3,1,4,8,8,1,TA,Attchd,1996.0,Fin,2.0,472.0,TA,TA,3,100,33,0,0,0,0,DNE,DNE,DNE,0,2,2008,WD ,229000
2771,60*,RL,65.0,12438,Pave,DNE,1,Lvl,4,Inside,0,CollgCr,PosN,Norm,1Fam,2Story,6,5,1995,1995,Gable,CompShg,VinylSd,VinylSd,BrkFace,68.0,4,3,PConc,Gd,TA,No,Unf,0.0,Unf,781.0,781.0,GasA,5,Y,SBrkr,795,704,0,1499,0.0,0.0,2,1,3,1,4,6,8,1,TA,Attchd,1995.0,RFn,2.0,473.0,TA,TA,3,413,91,0,0,0,0,DNE,DNE,DNE,0,8,2006,WD ,187000
651,190*,RL,107.0,10615,Pave,DNE,1,Bnk,4,Corner,1,OldTown,Artery,Artery,2fmCon,2Story,3,5,1900,1970,Gable,CompShg,HdBoard,HdBoard,DNE,0.0,3,3,CBlock,Fa,TA,Mn,BLQ,440.0,Unf,538.0,978.0,GasA,3,Y,SBrkr,1014,685,0,1699,1.0,0.0,2,0,3,2,3,7,8,0,DNE,CarPort,1920.0,Unf,2.0,420.0,Fa,Fa,3,0,74,0,0,0,0,DNE,DNE,DNE,0,8,2009,WD ,95000
2110,20*,RL,73.0,8760,Pave,DNE,0,Lvl,4,Inside,0,CollgCr,Norm,Norm,1Fam,1Story,8,5,2006,2006,Gable,CompShg,VinylSd,VinylSd,BrkFace,132.0,4,3,PConc,Gd,TA,No,GLQ,36.0,Unf,1453.0,1489.0,GasA,5,Y,SBrkr,1500,0,0,1500,0.0,0.0,2,0,3,1,4,7,8,1,Gd,Attchd,2005.0,RFn,2.0,674.0,TA,TA,3,144,38,0,0,0,0,DNE,DNE,DNE,0,6,2007,WD ,212999
174,20*,RM,69.0,5805,Pave,Grvl,0,Bnk,4,Inside,1,OldTown,Norm,Norm,1Fam,1Story,5,7,1957,1957,Hip,CompShg,MetalSd,MetalSd,DNE,0.0,3,3,CBlock,TA,TA,Mn,BLQ,274.0,Rec,0.0,1347.0,GasA,4,Y,SBrkr,1347,0,0,1347,1.0,1.0,1,0,3,1,4,6,8,0,DNE,Detchd,1957.0,Unf,2.0,551.0,TA,TA,3,0,0,0,0,0,0,DNE,DNE,DNE,0,6,2010,WD ,143000
1968,90*,RL,80.0,8000,Pave,DNE,0,Lvl,4,Corner,0,NAmes,Artery,Norm,Duplex,1Story,5,4,1961,1961,Gable,CompShg,BrkFace,BrkFace,DNE,0.0,3,3,CBlock,TA,TA,No,Unf,0.0,Unf,1800.0,1800.0,GasA,5,N,SBrkr,1800,0,0,1800,0.0,0.0,2,0,6,2,3,10,8,0,DNE,DNE,1978.644525168656,DNE,0.0,0.0,DNE,DNE,3,0,0,0,0,0,0,DNE,DNE,DNE,0,7,2007,WD ,141000
2829,160*,RM,24.0,2522,Pave,DNE,0,Lvl,4,Inside,0,Edwards,Norm,Norm,Twnhs,2Story,7,5,2004,2004,Gable,CompShg,VinylSd,VinylSd,Stone,50.0,4,3,PConc,Gd,TA,No,Unf,0.0,Unf,970.0,970.0,GasA,5,Y,SBrkr,970,739,0,1709,0.0,0.0,2,0,3,1,4,7,4,0,DNE,Detchd,2004.0,Unf,2.0,380.0,TA,TA,3,0,40,0,0,0,0,DNE,DNE,DNE,0,5,2006,WD ,134000
1130,20*,FV,62.0,7500,Pave,Pave,0,Lvl,4,Inside,0,Somerst,Norm,Norm,1Fam,1Story,7,5,2007,2008,Gable,CompShg,CemntBd,CmentBd,Stone,210.0,4,3,PConc,Gd,TA,No,GLQ,902.0,Unf,316.0,1218.0,GasA,5,Y,SBrkr,1218,0,0,1218,1.0,0.0,2,0,2,1,4,6,8,0,DNE,Attchd,2008.0,Fin,2.0,462.0,TA,TA,3,168,168,0,0,0,0,DNE,DNE,DNE,0,4,2008,New,230348
1795,20*,FV,75.0,9000,Pave,DNE,0,Lvl,4,Inside,0,Somerst,Norm,Norm,1Fam,1Story,7,5,2006,2007,Gable,CompShg,VinylSd,VinylSd,DNE,0.0,4,3,PConc,Gd,TA,No,Unf,0.0,Unf,1335.0,1335.0,GasA,5,Y,SBrkr,1335,0,0,1335,0.0,0.0,2,0,3,1,4,6,8,0,DNE,Attchd,2007.0,RFn,2.0,575.0,TA,TA,3,0,210,0,0,0,0,DNE,DNE,DNE,0,6,2007,New,210400
2058,190*,RL,70.0,8425,Pave,DNE,0,Lvl,4,FR3,0,Sawyer,Feedr,Norm,2fmCon,1Story,5,6,1971,1990,Gable,CompShg,HdBoard,HdBoard,DNE,0.0,3,3,CBlock,Gd,TA,Av,GLQ,748.0,Unf,20.0,768.0,GasA,4,Y,SBrkr,868,0,0,868,1.0,0.0,1,0,2,1,3,6,8,0,DNE,Detchd,1989.0,Unf,2.0,576.0,TA,TA,3,138,0,0,0,0,0,DNE,GdPrv,DNE,0,5,2007,WD ,119900
1738,60*,RL,73.0,8499,Pave,DNE,1,Lvl,4,Inside,0,Gilbert,Norm,Norm,1Fam,2Story,6,5,2006,2007,Gable,CompShg,VinylSd,VinylSd,DNE,0.0,3,3,PConc,Gd,TA,No,Unf,0.0,Unf,616.0,616.0,GasA,5,Y,SBrkr,616,796,0,1412,0.0,0.0,2,1,3,1,4,6,8,1,Gd,BuiltIn,2007.0,Fin,2.0,432.0,TA,TA,3,0,36,0,0,0,0,DNE,DNE,DNE,0,3,2007,New,156932
1560,120*,RM,64.0,5587,Pave,DNE,1,HLS,4,Inside,1,Crawfor,Norm,Norm,TwnhsE,1Story,8,5,2008,2008,Hip,CompShg,CemntBd,CmentBd,Stone,186.0,5,3,PConc,Ex,TA,Gd,GLQ,1480.0,Unf,120.0,1600.0,GasA,5,Y,SBrkr,1652,0,0,1652,1.0,1.0,2,0,2,1,4,5,8,1,Gd,Attchd,2008.0,Fin,2.0,482.0,TA,TA,3,162,53,0,153,0,0,DNE,DNE,DNE,0,11,2008,New,392500
985,85*,RL,70.0,7669,Pave,DNE,0,Lvl,4,Inside,0,Mitchel,Norm,Norm,1Fam,SFoyer,5,6,1992,1993,Gable,CompShg,HdBoard,Wd Shng,DNE,0.0,3,3,PConc,Gd,TA,Av,GLQ,718.0,LwQ,0.0,828.0,GasA,3,Y,SBrkr,883,0,0,883,1.0,0.0,1,0,2,1,3,5,8,1,Fa,Detchd,1998.0,Unf,2.0,698.0,TA,TA,3,100,32,0,0,0,0,DNE,GdPrv,DNE,0,6,2009,WD ,149000
1554,20*,A (agr),80.0,14584,Pave,DNE,0,Low,4,Inside,1,IDOTRR,Norm,Norm,1Fam,1Story,1,5,1952,1952,Gable,CompShg,AsbShng,VinylSd,DNE,0.0,2,1,Slab,DNE,DNE,DNE,DNE,0.0,DNE,0.0,0.0,Wall,1,N,FuseA,733,0,0,733,0.0,0.0,1,0,2,1,2,4,1,0,DNE,Attchd,1952.0,Unf,2.0,487.0,Fa,Po,1,0,0,0,0,0,0,DNE,DNE,DNE,0,2,2008,WD ,13100
287,70*,RL,66.0,6858,Pave,DNE,0,Bnk,4,Corner,0,SWISU,Norm,Norm,1Fam,2Story,6,4,1915,1950,Gable,CompShg,Wd Sdng,Wd Sdng,DNE,0.0,3,3,PConc,Gd,TA,No,Unf,0.0,Unf,806.0,806.0,GasA,3,N,FuseF,841,806,0,1647,1.0,0.0,1,1,4,1,2,6,8,0,DNE,Detchd,1920.0,Unf,1.0,216.0,TA,TA,3,0,66,136,0,0,0,DNE,DNE,DNE,0,5,2010,WD ,128000
1819,20*,RL,64.0,6285,Pave,DNE,0,Lvl,4,Inside,0,Sawyer,Norm,Norm,1Fam,1Story,5,5,1977,1977,Gable,CompShg,Plywood,Plywood,DNE,0.0,3,3,CBlock,Gd,TA,No,LwQ,138.0,Rec,405.0,894.0,GasA,3,Y,SBrkr,894,0,0,894,1.0,0.0,1,0,2,1,3,5,8,0,DNE,Detchd,1979.0,Unf,1.0,308.0,TA,TA,3,192,0,0,0,0,0,DNE,DNE,DNE,0,3,2007,WD ,120750
2782,80*,RL,55.0,10780,Pave,DNE,1,Lvl,4,Inside,0,CollgCr,Norm,Norm,1Fam,SLvl,5,5,1976,1976,Gable,CompShg,MetalSd,MetalSd,DNE,0.0,3,3,CBlock,TA,TA,Av,ALQ,483.0,Unf,428.0,911.0,GasA,4,Y,SBrkr,954,0,0,954,0.0,0.0,1,0,3,1,3,6,8,0,DNE,Detchd,1976.0,Unf,2.0,576.0,TA,TA,3,0,0,0,0,0,0,DNE,DNE,DNE,0,7,2006,WD ,132500
2000,40*,RM,40.0,5400,Pave,Pave,0,Lvl,4,Corner,0,OldTown,Norm,Norm,1Fam,1Story,6,7,1926,2004,Gable,CompShg,MetalSd,MetalSd,DNE,0.0,3,4,BrkTil,TA,TA,Mn,LwQ,370.0,Unf,779.0,1149.0,GasA,4,Y,FuseA,1149,467,0,1616,0.0,0.0,2,0,3,1,4,5,8,0,DNE,Detchd,1926.0,Unf,1.0,216.0,TA,TA,3,0,0,183,0,0,0,DNE,DNE,DNE,0,10,2007,WD ,152000
1185,60*,FV,0.0,7500,Pave,DNE,0,Lvl,4,Inside,0,Somerst,Norm,Norm,1Fam,2Story,7,5,2002,2002,Gable,CompShg,VinylSd,VinylSd,DNE,0.0,4,3,PConc,Gd,TA,No,Unf,0.0,Unf,952.0,952.0,GasA,5,Y,SBrkr,952,860,0,1812,0.0,0.0,2,1,3,1,3,7,8,1,TA,Attchd,2002.0,RFn,2.0,469.0,TA,TA,3,144,112,0,0,0,0,DNE,DNE,DNE,0,4,2008,WD ,205000
2704,30*,RL,50.0,5220,Pave,DNE,1,Lvl,4,Inside,0,SWISU,Norm,Norm,1Fam,1Story,5,3,1936,1950,Gable,CompShg,Wd Sdng,Wd Shng,DNE,0.0,3,3,BrkTil,TA,TA,No,Unf,0.0,Unf,830.0,830.0,GasA,4,Y,SBrkr,879,0,0,879,0.0,0.0,1,0,2,1,3,4,8,0,DNE,Detchd,1936.0,Unf,1.0,180.0,TA,TA,2,0,108,0,0,0,0,DNE,DNE,DNE,0,1,2006,WD ,80000
1043,160*,RM,21.0,1869,Pave,DNE,0,Lvl,4,Inside,0,BrDale,Norm,Norm,Twnhs,2Story,6,6,1970,1970,Gable,CompShg,HdBoard,HdBoard,BrkFace,127.0,3,3,CBlock,TA,TA,No,Rec,321.0,Unf,162.0,483.0,GasA,3,Y,SBrkr,483,504,0,987,0.0,0.0,1,1,2,1,3,5,8,0,DNE,Detchd,1987.0,Unf,1.0,280.0,TA,TA,3,0,0,0,0,0,0,DNE,DNE,DNE,0,9,2008,WD ,106000
666,30*,RL,60.0,10800,Pave,Grvl,0,Lvl,4,Corner,0,OldTown,Norm,Norm,1Fam,1Story,3,5,1890,1998,Gable,CompShg,VinylSd,VinylSd,DNE,0.0,3,3,BrkTil,TA,TA,No,Unf,0.0,Unf,630.0,630.0,GasA,3,Y,FuseA,725,0,0,725,0.0,0.0,1,1,1,1,3,4,8,0,DNE,Detchd,1959.0,Unf,1.0,320.0,TA,TA,3,0,30,0,0,0,0,DNE,DNE,DNE,0,11,2009,WD ,78500
1666,20*,RL,63.0,9457,Pave,DNE,0,Lvl,4,Inside,0,NAmes,Norm,Norm,1Fam,1Story,5,6,1970,1990,Gable,CompShg,MetalSd,MetalSd,DNE,0.0,3,3,CBlock,TA,TA,No,ALQ,566.0,Unf,359.0,925.0,GasA,3,Y,SBrkr,1422,0,0,1422,1.0,0.0,1,0,3,1,3,7,6,0,DNE,Detchd,1988.0,Unf,2.0,576.0,TA,TA,3,252,0,0,0,0,0,DNE,GdWo,DNE,0,9,2007,WD ,155000
623,90*,RL,65.0,8944,Pave,DNE,0,Lvl,4,Inside,0,NAmes,Norm,Norm,Duplex,1Story,5,5,1967,1967,Gable,CompShg,Plywood,Plywood,DNE,0.0,3,3,CBlock,TA,TA,No,Unf,0.0,Unf,1584.0,1584.0,GasA,3,Y,SBrkr,1584,0,0,1584,0.0,0.0,2,0,4,2,3,8,5,0,DNE,Detchd,1967.0,Unf,3.0,792.0,TA,TA,3,0,152,0,0,0,0,DNE,DNE,DNE,0,4,2009,WD ,124000
187,190*,RM,100.0,9045,Pave,DNE,0,Lvl,4,Inside,0,OldTown,Norm,Norm,2fmCon,2Story,5,3,1910,1950,Gable,CompShg,MetalSd,MetalSd,DNE,0.0,3,2,BrkTil,TA,TA,Mn,Unf,0.0,Unf,840.0,840.0,Grav,2,N,FuseF,1128,1128,0,2256,0.0,0.0,2,0,4,2,2,12,8,0,DNE,DNE,1978.644525168656,DNE,0.0,0.0,DNE,DNE,1,0,18,18,0,0,0,DNE,DNE,DNE,0,6,2010,WD ,76500
313,80*,RL,0.0,12328,Pave,DNE,1,Lvl,4,Inside,0,Mitchel,Norm,Norm,1Fam,SLvl,6,5,1976,1976,Gable,CompShg,HdBoard,HdBoard,BrkFace,335.0,3,3,CBlock,TA,TA,Av,GLQ,539.0,Unf,473.0,1012.0,GasA,3,Y,SBrkr,1034,0,0,1034,1.0,0.0,1,0,3,1,3,6,8,0,DNE,Attchd,1976.0,Unf,3.0,888.0,TA,TA,3,0,0,0,0,0,0,DNE,DNE,DNE,0,5,2010,WD ,169900
1023,60*,RL,0.0,12227,Pave,DNE,1,Lvl,4,Corner,0,NWAmes,PosN,Norm,1Fam,2Story,6,7,1977,1995,Gable,CompShg,HdBoard,HdBoard,BrkFace,424.0,3,4,CBlock,Gd,Gd,No,ALQ,896.0,Unf,434.0,1330.0,GasA,3,Y,SBrkr,1542,1330,0,2872,1.0,0.0,2,1,4,1,3,11,8,1,TA,Attchd,1977.0,Fin,2.0,619.0,TA,TA,3,550,282,0,0,0,0,DNE,DNE,DNE,0,7,2008,WD ,272000
701,190*,RM,63.0,7627,Pave,DNE,0,Lvl,4,Corner,0,OldTown,Artery,Norm,2fmCon,2Story,4,6,1920,1950,Gable,CompShg,AsbShng,AsbShng,DNE,0.0,2,3,BrkTil,Fa,Po,No,Unf,0.0,Unf,600.0,600.0,GasA,4,N,SBrkr,1101,600,0,1701,0.0,0.0,2,0,4,2,2,8,8,0,DNE,DNE,1978.644525168656,DNE,0.0,0.0,DNE,DNE,1,0,0,148,0,0,0,DNE,DNE,DNE,0,10,2009,WD ,94550
2333,60*,RL,85.0,16056,Pave,DNE,1,Lvl,4,Inside,0,StoneBr,Norm,Norm,1Fam,2Story,9,5,2005,2006,Hip,CompShg,CemntBd,CmentBd,Stone,208.0,4,3,PConc,Ex,TA,Av,GLQ,240.0,Unf,1752.0,1992.0,GasA,5,Y,SBrkr,1992,876,0,2868,0.0,0.0,3,1,4,1,5,11,8,1,Gd,BuiltIn,2005.0,Fin,3.0,716.0,TA,TA,3,214,108,0,0,0,0,DNE,DNE,DNE,0,7,2006,New,556581
2290,180*,RM,21.0,1936,Pave,DNE,0,Lvl,4,Inside,0,MeadowV,Norm,Norm,Twnhs,SFoyer,4,6,1970,1970,Gable,CompShg,CemntBd,CmentBd,DNE,0.0,3,3,CBlock,Gd,TA,Av,BLQ,131.0,GLQ,0.0,630.0,GasA,4,Y,SBrkr,630,0,0,630,1.0,0.0,1,0,1,1,3,3,8,0,DNE,DNE,1978.644525168656,DNE,0.0,0.0,DNE,DNE,3,0,0,0,0,0,0,DNE,MnPrv,DNE,0,12,2007,WD ,84500
1888,20*,RL,0.0,14357,Pave,DNE,1,Lvl,4,CulDSac,0,NAmes,Norm,Norm,1Fam,1Story,5,5,1961,1961,Hip,CompShg,Wd Sdng,Wd Sdng,DNE,0.0,3,3,CBlock,TA,TA,No,ALQ,311.0,LwQ,386.0,864.0,GasA,3,Y,SBrkr,1187,0,0,1187,1.0,0.0,1,0,2,1,3,6,8,1,TA,Attchd,1961.0,RFn,2.0,440.0,TA,TA,3,128,0,0,0,0,0,DNE,DNE,DNE,0,8,2007,CWD,140500
1244,20*,RL,75.0,9464,Pave,DNE,0,Lvl,4,Corner,0,NAmes,Norm,Norm,1Fam,1Story,6,7,1958,1958,Hip,CompShg,MetalSd,MetalSd,BrkFace,135.0,3,4,CBlock,TA,TA,No,BLQ,570.0,Unf,510.0,1080.0,GasA,4,Y,SBrkr,1080,0,0,1080,0.0,0.0,1,0,3,1,3,5,8,0,DNE,Attchd,1958.0,Unf,1.0,288.0,TA,TA,3,0,0,0,0,130,0,DNE,DNE,DNE,0,6,2008,WD ,136000
1418,50*,RL,60.0,9084,Pave,DNE,0,Lvl,4,Inside,0,Edwards,Artery,Norm,1Fam,1.5Fin,5,6,1941,1950,Gable,CompShg,VinylSd,VinylSd,DNE,0.0,3,3,CBlock,TA,Fa,Mn,LwQ,236.0,Rec,0.0,616.0,GasA,3,N,SBrkr,616,495,0,1111,0.0,1.0,1,0,3,1,3,5,8,0,DNE,Detchd,1941.0,Unf,1.0,200.0,TA,Fa,3,48,0,0,0,0,0,DNE,DNE,DNE,0,3,2008,ConLw,95000
1251,20*,RL,57.0,7677,Pave,DNE,0,Lvl,4,Inside,0,NAmes,Norm,Norm,1Fam,1Story,5,5,1953,1953,Gable,CompShg,VinylSd,VinylSd,DNE,0.0,3,3,CBlock,TA,TA,No,BLQ,570.0,Unf,203.0,773.0,GasA,4,Y,SBrkr,773,0,0,773,0.0,0.0,1,0,2,1,3,4,8,0,DNE,Attchd,1953.0,Unf,1.0,240.0,TA,TA,3,0,0,0,0,0,0,DNE,DNE,DNE,0,4,2008,WD ,110000
197,50*,RM,53.0,6360,Pave,DNE,0,Lvl,4,Corner,0,BrkSide,Feedr,Norm,1Fam,1.5Fin,5,6,1942,1950,Gable,CompShg,MetalSd,MetalSd,Stone,300.0,3,3,CBlock,TA,TA,No,Rec,360.0,LwQ,316.0,835.0,GasA,3,Y,FuseA,955,498,0,1453,0.0,0.0,1,1,3,1,4,7,6,2,Fa,Detchd,1942.0,Unf,1.0,240.0,TA,TA,3,0,0,35,0,148,0,DNE,DNE,DNE,0,3,2010,WD ,132000
1890,20*,RL,70.0,8680,Pave,DNE,0,Lvl,4,Inside,0,NAmes,Norm,Norm,1Fam,1Story,5,7,1960,1960,Hip,CompShg,CemntBd,CmentBd,DNE,0.0,3,3,CBlock,TA,TA,No,Unf,0.0,Unf,894.0,894.0,GasA,3,Y,SBrkr,894,0,0,894,0.0,0.0,1,0,3,1,3,5,8,0,DNE,Detchd,1965.0,Unf,1.0,312.0,TA,TA,3,0,0,0,0,0,0,DNE,DNE,DNE,0,1,2007,WD ,117600
522,20*,FV,85.0,9187,Pave,DNE,0,Lvl,4,Inside,0,Somerst,Norm,Norm,1Fam,1Story,9,5,2009,2009,Gable,CompShg,CemntBd,CmentBd,Stone,162.0,5,3,PConc,Ex,TA,Mn,GLQ,1121.0,Unf,645.0,1766.0,GasA,5,Y,SBrkr,1766,0,0,1766,1.0,0.0,2,1,2,1,5,7,8,1,Gd,Attchd,2009.0,Fin,3.0,478.0,TA,TA,3,195,130,0,0,0,0,DNE,DNE,DNE,0,10,2009,New,370878
1629,80*,RL,0.0,9125,Pave,DNE,1,Lvl,4,Inside,0,Gilbert,Norm,Norm,1Fam,SLvl,7,5,1992,1992,Gable,CompShg,HdBoard,HdBoard,BrkFace,170.0,3,3,PConc,Gd,TA,No,Unf,0.0,Unf,384.0,384.0,GasA,4,Y,SBrkr,812,670,0,1482,0.0,0.0,2,1,3,1,4,7,8,1,TA,Attchd,1992.0,Fin,2.0,392.0,TA,TA,3,100,25,0,0,0,0,DNE,DNE,DNE,0,7,2007,WD ,163900
2129,60*,RL,47.0,10820,Pave,DNE,2,Lvl,4,CulDSac,0,CollgCr,Norm,Norm,1Fam,2Story,7,5,1999,1999,Gable,CompShg,VinylSd,VinylSd,DNE,0.0,4,3,PConc,Gd,TA,Gd,GLQ,342.0,Unf,646.0,988.0,GasA,5,Y,SBrkr,988,885,0,1873,0.0,0.0,2,1,3,1,4,7,8,1,TA,Attchd,1999.0,RFn,2.0,597.0,TA,TA,3,202,123,0,0,0,0,DNE,DNE,DNE,0,3,2007,WD ,235500
1910,70*,RL,79.0,9480,Pave,DNE,0,Lvl,4,Inside,0,NAmes,Artery,Norm,1Fam,2Story,5,7,1942,1995,Gable,CompShg,MetalSd,MetalSd,Stone,224.0,3,3,CBlock,TA,TA,No,LwQ,386.0,Unf,342.0,728.0,GasA,5,Y,SBrkr,888,756,0,1644,0.0,0.0,1,1,3,1,4,7,8,2,Gd,Attchd,1942.0,Unf,1.0,312.0,TA,TA,3,168,0,0,0,0,0,DNE,DNE,DNE,0,6,2007,WD ,146500
648,30*,RL,80.0,8480,Pave,DNE,0,Lvl,4,Corner,0,NAmes,Norm,Norm,1Fam,1Story,5,6,1945,1950,Gable,CompShg,MetalSd,MetalSd,DNE,0.0,3,4,CBlock,TA,TA,No,BLQ,700.0,Unf,93.0,793.0,GasA,3,Y,SBrkr,793,0,0,793,1.0,0.0,1,0,2,1,2,4,8,0,DNE,Detchd,1945.0,Unf,1.0,240.0,TA,TA,3,0,0,0,0,0,0,DNE,DNE,DNE,0,8,2009,WD ,113000
1169,120*,FV,0.0,4538,Pave,DNE,1,Lvl,4,Inside,0,Somerst,Norm,Norm,TwnhsE,1Story,9,5,2001,2001,Gable,CompShg,VinylSd,VinylSd,BrkFace,179.0,4,3,PConc,Ex,TA,Av,GLQ,1004.0,Unf,306.0,1310.0,GasA,5,Y,SBrkr,1310,0,0,1310,1.0,0.0,1,1,1,1,4,5,8,1,TA,Attchd,2001.0,RFn,2.0,545.0,TA,TA,3,277,45,0,0,0,0,DNE,DNE,DNE,0,7,2008,WD ,285000
2872,20*,RL,0.0,16381,Pave,DNE,1,Lvl,4,Inside,0,Crawfor,Norm,Norm,1Fam,1Story,6,5,1969,1969,Gable,CompShg,Plywood,Plywood,BrkFace,312.0,4,4,CBlock,TA,TA,Av,Rec,1110.0,Unf,734.0,1844.0,GasA,4,Y,SBrkr,1844,0,0,1844,1.0,0.0,2,0,3,1,4,7,8,1,TA,Attchd,1969.0,RFn,2.0,540.0,TA,TA,3,0,73,216,0,0,0,DNE,DNE,DNE,0,12,2006,WD ,223000
2887,90*,RL,65.0,8385,Pave,DNE,0,Lvl,4,Inside,0,Mitchel,Norm,Norm,Duplex,1Story,6,5,1978,1978,Gable,CompShg,Plywood,Plywood,DNE,0.0,3,3,CBlock,TA,TA,Mn,Unf,0.0,Unf,1664.0,1664.0,GasA,3,Y,SBrkr,1664,0,0,1664,0.0,0.0,2,0,4,2,3,10,8,0,DNE,2Types,1978.0,Unf,2.0,616.0,TA,TA,3,0,0,0,0,0,0,DNE,DNE,DNE,0,10,2006,WD ,145000
870,20*,RL,90.0,15750,Pave,DNE,0,Lvl,4,FR3,0,CollgCr,Feedr,Norm,1Fam,1Story,8,5,1999,2000,Gable,CompShg,VinylSd,VinylSd,BrkFace,260.0,4,3,PConc,Gd,TA,Gd,GLQ,1246.0,Unf,216.0,1462.0,GasA,5,Y,SBrkr,1513,0,0,1513,1.0,0.0,2,0,2,1,4,5,8,1,TA,Attchd,1999.0,Fin,2.0,521.0,TA,TA,3,135,34,0,0,0,0,DNE,DNE,DNE,0,6,2009,WD ,220000
1961,20*,RL,60.0,7200,Pave,DNE,0,Lvl,4,Inside,0,NAmes,Norm,Norm,1Fam,1Story,5,3,1950,1950,Gable,CompShg,WdShing,Wd Shng,DNE,0.0,3,3,CBlock,TA,TA,No,LwQ,432.0,Unf,432.0,864.0,GasA,2,Y,FuseA,1238,0,0,1238,0.0,0.0,1,1,3,1,3,6,6,1,TA,Attchd,1950.0,Unf,1.0,357.0,TA,TA,3,0,171,0,0,0,0,DNE,DNE,DNE,0,11,2007,WD ,102000
1443,60*,RL,75.0,12192,Pave,DNE,1,Lvl,4,Inside,0,CollgCr,Norm,Norm,1Fam,2Story,7,5,2000,2001,Gable,CompShg,VinylSd,VinylSd,DNE,0.0,4,3,PConc,Gd,TA,No,GLQ,663.0,Unf,265.0,928.0,GasA,5,Y,SBrkr,928,895,0,1823,1.0,0.0,2,1,3,1,4,6,8,0,DNE,Attchd,2000.0,RFn,2.0,626.0,TA,TA,3,192,36,0,0,0,0,DNE,DNE,Shed,4500,5,2008,WD ,235000
1846,160*,FV,24.0,2117,Pave,DNE,0,Lvl,4,Inside,0,Somerst,Norm,Norm,Twnhs,2Story,6,5,2000,2000,Gable,CompShg,MetalSd,MetalSd,BrkFace,216.0,4,3,PConc,Gd,TA,No,GLQ,417.0,Unf,339.0,756.0,GasA,5,Y,SBrkr,769,804,0,1573,0.0,0.0,2,1,3,1,4,4,8,0,DNE,Detchd,2000.0,Unf,2.0,440.0,TA,TA,3,0,32,0,0,0,0,DNE,DNE,DNE,0,9,2007,WD ,177000
1872,20*,RL,88.0,10738,Pave,DNE,1,Lvl,4,Corner,0,NWAmes,Norm,Norm,1Fam,1Story,6,7,1966,1966,Hip,CompShg,HdBoard,HdBoard,DNE,0.0,3,3,CBlock,TA,TA,No,ALQ,792.0,Unf,301.0,1093.0,GasA,4,Y,SBrkr,1093,0,0,1093,1.0,0.0,2,0,3,1,3,6,8,1,Fa,Attchd,1966.0,RFn,2.0,484.0,TA,TA,3,224,0,0,0,0,0,DNE,MnPrv,Shed,400,11,2007,WD ,158500
2202,70*,RL,63.0,4000,Pave,DNE,0,Lvl,4,Inside,0,Crawfor,Norm,Norm,1Fam,2Story,7,8,1930,1995,Gable,CompShg,Wd Sdng,Wd Sdng,DNE,0.0,3,3,BrkTil,Gd,TA,No,GLQ,246.0,Unf,285.0,531.0,GasA,3,Y,SBrkr,567,531,0,1098,1.0,0.0,1,0,2,1,3,5,8,1,Gd,Detchd,1930.0,Unf,1.0,216.0,TA,TA,3,0,0,0,0,0,0,DNE,MnPrv,DNE,0,6,2007,WD ,148500
2018,70*,RM,51.0,6120,Pave,DNE,0,Lvl,4,Inside,0,BrkSide,Norm,Norm,1Fam,2Story,5,8,1920,2004,Gable,CompShg,MetalSd,MetalSd,DNE,0.0,3,3,BrkTil,TA,TA,Mn,Unf,0.0,Unf,939.0,939.0,GasA,5,Y,SBrkr,939,574,0,1513,0.0,0.0,1,1,4,1,3,8,8,0,DNE,Detchd,1933.0,Unf,1.0,180.0,Fa,Fa,1,24,0,150,0,0,0,DNE,DNE,DNE,0,5,2007,WD ,137500
2031,50*,RM,0.0,7758,Pave,DNE,0,Lvl,4,Corner,0,IDOTRR,Norm,Norm,1Fam,1.5Fin,7,4,1931,1950,Gable,CompShg,Stucco,Stucco,BrkFace,600.0,3,2,PConc,TA,TA,No,LwQ,224.0,Unf,816.0,1040.0,GasA,5,Y,FuseF,1226,592,0,1818,0.0,0.0,1,1,4,1,3,7,8,2,TA,Detchd,1951.0,Unf,1.0,240.0,TA,TA,3,0,0,0,0,184,0,DNE,DNE,DNE,0,6,2007,WD ,169500
1480,20*,RL,74.0,9627,Pave,DNE,0,Lvl,4,Inside,0,CollgCr,Norm,Norm,1Fam,1Story,7,5,2007,2007,Gable,CompShg,VinylSd,VinylSd,DNE,0.0,4,3,PConc,Gd,TA,Av,GLQ,24.0,Unf,1327.0,1351.0,GasA,5,Y,SBrkr,1361,0,0,1361,0.0,0.0,2,0,3,1,4,6,8,0,DNE,Attchd,2007.0,RFn,2.0,610.0,TA,TA,3,0,50,0,0,0,0,DNE,DNE,DNE,0,6,2008,WD ,193000
2693,30*,RM,50.0,9000,Pave,DNE,0,Lvl,4,Inside,0,IDOTRR,Norm,Norm,1Fam,1Story,5,4,1919,1950,Gable,CompShg,Wd Sdng,Wd Sdng,DNE,0.0,3,3,BrkTil,TA,TA,No,Unf,0.0,Unf,610.0,610.0,GasA,5,N,FuseA,819,0,0,819,0.0,0.0,1,0,2,1,4,4,8,0,DNE,DNE,1978.644525168656,DNE,0.0,0.0,DNE,DNE,1,0,0,0,0,0,0,DNE,DNE,DNE,0,9,2006,WD ,72000
525,60*,FV,84.0,10603,Pave,DNE,0,Lvl,4,Inside,0,Somerst,Norm,Norm,1Fam,2Story,8,5,2006,2006,Hip,CompShg,VinylSd,VinylSd,Stone,121.0,4,3,PConc,Ex,Gd,No,GLQ,682.0,Unf,218.0,900.0,GasA,5,Y,SBrkr,909,886,0,1795,1.0,0.0,2,1,3,1,4,8,8,1,Gd,Attchd,2006.0,Fin,3.0,782.0,TA,TA,3,168,45,0,0,0,0,DNE,DNE,DNE,0,7,2009,WD ,270000
604,20*,RL,0.0,13495,Pave,DNE,1,Lvl,4,Corner,0,NAmes,Norm,Norm,1Fam,1Story,5,6,1956,1956,Gable,CompShg,Wd Sdng,Wd Sdng,BrkFace,70.0,3,4,CBlock,TA,TA,No,BLQ,625.0,LwQ,222.0,1048.0,GasA,2,Y,SBrkr,1728,0,0,1728,1.0,0.0,2,0,3,1,3,7,7,1,Gd,Detchd,1956.0,Unf,2.0,576.0,TA,TA,3,0,99,0,0,0,0,DNE,DNE,DNE,0,7,2009,WD ,177625
2701,20*,RL,100.0,21370,Pave,DNE,0,Lvl,4,FR2,0,Sawyer,Norm,Norm,1Fam,1Story,5,5,1950,1950,Gable,CompShg,Wd Sdng,MetalSd,DNE,0.0,3,3,Slab,DNE,DNE,DNE,DNE,0.0,DNE,0.0,0.0,GasA,3,Y,FuseA,1640,0,0,1640,0.0,0.0,1,0,3,1,3,7,7,1,Gd,Attchd,1950.0,RFn,2.0,394.0,TA,TA,3,0,0,225,0,0,0,DNE,DNE,Shed,600,6,2006,WD ,131000
1661,80*,RL,64.0,8991,Pave,DNE,1,Lvl,4,CulDSac,0,NWAmes,PosN,Norm,1Fam,SLvl,7,6,1976,1976,Gable,CompShg,Plywood,Plywood,Stone,130.0,3,3,CBlock,Gd,TA,Gd,GLQ,624.0,Rec,0.0,1228.0,GasA,3,Y,SBrkr,1324,0,0,1324,0.0,1.0,2,0,3,1,4,5,8,1,Fa,Attchd,1976.0,Fin,2.0,585.0,TA,TA,3,407,36,0,0,0,0,DNE,DNE,DNE,0,2,2007,WD ,174000
283,50*,RL,52.0,8741,Pave,DNE,0,Lvl,4,Inside,0,Edwards,Norm,Norm,1Fam,1.5Fin,6,4,1945,1950,Gable,CompShg,VinylSd,VinylSd,DNE,0.0,3,3,CBlock,TA,Fa,No,LwQ,94.0,Unf,641.0,735.0,GasA,3,Y,FuseA,798,689,0,1487,0.0,0.0,1,1,3,1,3,7,8,1,Gd,Detchd,1949.0,Unf,1.0,220.0,TA,TA,3,0,140,0,0,0,0,DNE,MnPrv,DNE,0,4,2010,WD ,113000
1216,20*,RL,72.0,10007,Pave,DNE,1,Lvl,4,Inside,0,NAmes,Norm,Norm,1Fam,1Story,5,7,1959,2006,Gable,CompShg,HdBoard,HdBoard,BrkFace,54.0,4,3,CBlock,TA,TA,No,ALQ,806.0,Unf,247.0,1053.0,GasA,5,Y,SBrkr,1053,0,0,1053,1.0,0.0,1,1,3,1,4,5,8,0,DNE,Attchd,1959.0,RFn,1.0,312.0,TA,TA,3,0,0,0,0,0,0,DNE,MnPrv,DNE,0,8,2008,WD ,145500
1256,50*,RL,45.0,7506,Pave,DNE,0,Lvl,4,Corner,0,OldTown,Norm,Norm,1Fam,1.5Fin,5,8,1925,1950,Gable,CompShg,VinylSd,VinylSd,DNE,0.0,3,4,PConc,TA,TA,No,Unf,0.0,Unf,747.0,747.0,GasA,3,Y,SBrkr,747,412,0,1159,0.0,0.0,1,0,3,1,3,5,8,0,DNE,Detchd,1932.0,Unf,1.0,288.0,Fa,TA,1,84,0,96,0,0,0,DNE,DNE,DNE,0,5,2008,WD ,114000
1160,120*,FV,59.0,4282,Pave,Pave,2,Lvl,4,Inside,0,Somerst,Norm,Norm,TwnhsE,1Story,7,5,2004,2004,Gable,CompShg,MetalSd,MetalSd,DNE,0.0,4,3,PConc,Gd,TA,Mn,GLQ,16.0,Unf,1375.0,1391.0,GasA,5,Y,SBrkr,1391,0,0,1391,0.0,0.0,2,0,2,1,4,5,8,0,DNE,Attchd,2004.0,RFn,2.0,530.0,TA,TA,3,156,158,0,0,0,0,DNE,DNE,DNE,0,7,2008,WD ,196000
2371,160*,RM,21.0,1680,Pave,DNE,0,Lvl,4,Inside,0,BrDale,Norm,Norm,Twnhs,2Story,6,5,1972,1972,Gable,CompShg,HdBoard,HdBoard,BrkFace,504.0,3,3,CBlock,TA,TA,No,ALQ,276.0,Unf,207.0,483.0,GasA,3,Y,SBrkr,483,465,0,948,0.0,0.0,1,1,2,1,3,5,8,0,DNE,Detchd,1972.0,Unf,1.0,264.0,TA,TA,3,0,0,0,0,0,0,DNE,DNE,DNE,0,7,2006,WD ,89000
1328,30*,RL,55.0,7111,Pave,DNE,1,Bnk,4,Inside,0,BrkSide,Norm,Norm,1Fam,1Story,5,7,1928,1983,Gable,CompShg,WdShing,Wd Shng,DNE,0.0,4,4,BrkTil,TA,TA,No,LwQ,406.0,BLQ,329.0,1008.0,GasA,3,Y,SBrkr,1143,0,0,1143,0.0,0.0,1,0,2,1,3,5,8,1,Po,Detchd,1992.0,Unf,1.0,288.0,TA,TA,3,265,0,0,0,0,0,DNE,GdPrv,DNE,0,7,2008,WD ,138000
2323,160*,RL,68.0,13108,Pave,DNE,1,Lvl,4,Inside,0,StoneBr,Norm,Norm,1Fam,2Story,8,5,1994,1994,Gable,CompShg,CemntBd,CmentBd,DNE,0.0,4,3,PConc,Gd,TA,No,Unf,0.0,Unf,2062.0,2062.0,GasA,5,Y,SBrkr,2079,608,0,2687,0.0,0.0,2,1,4,1,4,9,8,0,DNE,Attchd,1994.0,Fin,2.0,618.0,TA,TA,3,168,12,0,0,0,0,DNE,DNE,DNE,0,12,2006,WD ,270000
1889,20*,RL,76.0,8243,Pave,DNE,1,Lvl,4,CulDSac,0,NAmes,Norm,Norm,1Fam,1Story,5,7,1961,1961,Gable,CompShg,VinylSd,VinylSd,BrkFace,56.0,3,4,CBlock,TA,TA,No,ALQ,700.0,Unf,264.0,964.0,GasA,5,Y,SBrkr,964,0,0,964,0.0,0.0,1,0,3,1,3,5,8,1,Fa,Detchd,1985.0,Fin,2.0,784.0,TA,TA,3,170,0,0,0,0,0,DNE,GdPrv,DNE,0,2,2007,WD ,137500
2339,190*,RL,100.0,34650,Pave,DNE,0,Bnk,4,Inside,0,Gilbert,Norm,Norm,2fmCon,1Story,5,5,1955,1955,Hip,CompShg,Wd Sdng,Wd Sdng,DNE,0.0,3,3,CBlock,TA,TA,Mn,Rec,1056.0,Unf,0.0,1056.0,GasA,3,N,SBrkr,1056,0,0,1056,1.0,0.0,1,0,3,1,3,5,8,0,DNE,Attchd,1955.0,Fin,2.0,572.0,TA,TA,3,264,0,0,0,0,0,DNE,DNE,DNE,0,1,2006,WD ,145000
619,20*,RL,80.0,9600,Pave,DNE,0,Lvl,4,Inside,0,NAmes,Norm,Norm,1Fam,1Story,6,5,1953,1953,Hip,CompShg,HdBoard,HdBoard,Stone,238.0,3,3,CBlock,TA,TA,No,GLQ,1285.0,Unf,131.0,1416.0,GasA,3,Y,SBrkr,1644,0,0,1644,1.0,0.0,1,0,3,1,3,7,8,2,Gd,Attchd,1953.0,Fin,2.0,418.0,TA,TA,3,110,0,0,0,0,0,DNE,DNE,DNE,0,10,2009,WD ,167000
299,120*,RM,35.0,3907,Pave,DNE,1,HLS,4,Inside,1,Blueste,Norm,Norm,TwnhsE,1Story,8,6,1989,1989,Gable,CompShg,HdBoard,HdBoard,DNE,0.0,4,3,CBlock,Gd,TA,Gd,GLQ,747.0,Unf,235.0,982.0,GasA,4,Y,SBrkr,1034,0,0,1034,1.0,0.0,1,0,1,1,4,4,8,1,TA,Attchd,1989.0,Fin,2.0,598.0,TA,TA,3,141,36,0,0,0,0,DNE,DNE,DNE,0,4,2010,WD ,185000
1713,20*,RL,70.0,9926,Pave,DNE,1,Lvl,4,Inside,0,NridgHt,Norm,Norm,1Fam,1Story,7,5,2005,2006,Gable,CompShg,VinylSd,VinylSd,BrkFace,210.0,4,3,PConc,Gd,TA,Mn,GLQ,1178.0,Unf,436.0,1614.0,GasA,5,Y,SBrkr,1614,0,0,1614,1.0,0.0,2,0,3,1,4,7,8,0,DNE,Attchd,2005.0,RFn,3.0,878.0,TA,TA,3,100,38,0,0,0,0,DNE,DNE,DNE,0,5,2007,WD ,245700
1815,120*,RL,50.0,8012,Pave,DNE,0,Lvl,4,Inside,0,SawyerW,Norm,Norm,TwnhsE,1Story,6,5,1992,1992,Gable,CompShg,Plywood,ImStucc,DNE,0.0,4,3,PConc,Gd,TA,No,GLQ,430.0,Unf,1145.0,1575.0,GasA,4,Y,SBrkr,1575,0,0,1575,1.0,0.0,2,0,2,1,4,5,8,0,DNE,Attchd,1992.0,RFn,2.0,529.0,TA,TA,3,0,0,52,0,0,0,DNE,DNE,DNE,0,7,2007,WD ,179200
853,20*,RL,60.0,8430,Pave,DNE,0,HLS,4,Inside,1,CollgCr,Norm,Norm,1Fam,1Story,5,5,1978,1978,Gable,CompShg,HdBoard,HdBoard,BrkFace,136.0,3,3,CBlock,Gd,TA,No,Rec,616.0,Unf,424.0,1040.0,GasA,3,Y,SBrkr,1040,0,0,1040,0.0,0.0,2,0,3,1,3,5,8,0,DNE,DNE,1978.644525168656,DNE,0.0,0.0,DNE,DNE,3,0,0,0,0,0,0,DNE,DNE,DNE,0,8,2009,WD ,124000
1366,50*,RM,0.0,7920,Pave,Grvl,1,Lvl,4,Inside,0,IDOTRR,Artery,Norm,1Fam,1.5Fin,6,7,1920,1950,Gable,CompShg,MetalSd,MetalSd,DNE,0.0,3,2,CBlock,TA,TA,No,Unf,0.0,Unf,319.0,319.0,GasA,3,Y,FuseA,1035,371,0,1406,0.0,0.0,1,0,3,1,2,6,8,0,DNE,DNE,1978.644525168656,DNE,0.0,0.0,DNE,DNE,1,0,144,0,0,0,0,DNE,MnPrv,DNE,0,3,2008,WD ,89500
1005,60*,RL,73.0,11184,Pave,DNE,1,Lvl,4,Corner,0,Gilbert,Norm,Norm,1Fam,2Story,6,5,1998,1998,Gable,CompShg,VinylSd,VinylSd,DNE,0.0,3,3,PConc,Gd,TA,No,Unf,0.0,Unf,932.0,932.0,GasA,4,Y,SBrkr,932,701,0,1633,0.0,0.0,2,1,3,1,3,7,8,1,TA,Attchd,1998.0,Fin,2.0,460.0,TA,TA,3,0,39,0,0,0,0,DNE,DNE,DNE,0,4,2008,WD ,183000
1680,160*,RM,24.0,1920,Pave,DNE,0,Lvl,4,Inside,0,BrDale,Norm,Norm,TwnhsE,2Story,5,5,1971,1971,Gable,CompShg,HdBoard,HdBoard,BrkFace,376.0,3,3,CBlock,TA,TA,No,ALQ,471.0,Unf,294.0,765.0,GasA,5,Y,SBrkr,765,600,0,1365,1.0,0.0,1,1,2,1,3,6,7,0,DNE,Detchd,1971.0,Unf,2.0,440.0,TA,TA,3,240,36,0,0,0,0,DNE,DNE,DNE,0,8,2007,WD ,122500
2338,60*,RL,0.0,14762,Pave,DNE,2,Lvl,4,Corner,0,Gilbert,Feedr,Norm,1Fam,2Story,5,6,1948,1950,Gable,CompShg,Plywood,Plywood,DNE,0.0,3,3,Slab,DNE,DNE,DNE,DNE,0.0,DNE,0.0,0.0,GasA,4,Y,SBrkr,1547,720,53,2320,0.0,0.0,2,0,2,1,3,7,8,1,TA,Attchd,1979.0,Unf,2.0,672.0,TA,TA,2,120,144,0,0,0,0,DNE,DNE,DNE,0,5,2006,WD ,169000
1277,50*,RL,60.0,7200,Pave,DNE,0,Lvl,4,Inside,0,NAmes,Norm,Norm,1Fam,1.5Fin,6,5,1954,1954,Gable,CompShg,MetalSd,MetalSd,DNE,0.0,3,3,CBlock,TA,TA,No,Rec,673.0,Unf,181.0,854.0,GasA,2,Y,FuseA,854,424,0,1278,0.0,0.0,1,0,4,1,3,6,8,0,DNE,Attchd,1954.0,Unf,1.0,240.0,TA,TA,3,0,0,0,0,0,0,DNE,MnWw,DNE,0,4,2008,WD ,127500
2712,20*,RL,75.0,9000,Pave,DNE,0,Lvl,4,Corner,0,Sawyer,Norm,Norm,1Fam,1Story,5,6,1966,1966,Gable,CompShg,Plywood,Plywood,DNE,0.0,3,3,CBlock,TA,TA,No,ALQ,773.0,Unf,286.0,1059.0,GasA,4,Y,SBrkr,1059,0,0,1059,1.0,0.0,1,0,3,1,3,6,8,0,DNE,Attchd,1966.0,Fin,1.0,286.0,TA,TA,3,0,88,0,0,0,0,DNE,GdWo,DNE,0,6,2006,WD ,142500
2873,30*,RM,50.0,7288,Pave,DNE,0,Lvl,4,Inside,0,IDOTRR,Artery,Norm,1Fam,1Story,5,6,1942,1950,Gable,CompShg,MetalSd,MetalSd,DNE,0.0,3,3,CBlock,TA,TA,Mn,Rec,305.0,Unf,671.0,976.0,GasA,3,N,SBrkr,976,0,0,976,1.0,0.0,1,0,2,1,3,5,8,0,DNE,Detchd,1942.0,Unf,1.0,215.0,TA,TA,1,160,0,0,0,0,0,DNE,DNE,DNE,0,8,2006,WD ,102000
305,50*,C (all),60.0,7500,Pave,DNE,0,Lvl,4,Inside,0,IDOTRR,Norm,Norm,1Fam,1.5Fin,4,4,1920,1950,Gable,CompShg,MetalSd,MetalSd,DNE,0.0,3,4,CBlock,TA,TA,No,Unf,0.0,Unf,698.0,698.0,GasA,3,Y,FuseA,698,430,0,1128,0.0,0.0,1,0,2,1,3,6,8,0,DNE,Detchd,1980.0,RFn,2.0,528.0,TA,TA,3,30,0,164,0,0,0,DNE,DNE,DNE,0,4,2010,COD,68400
152,190*,RL,70.0,13587,Pave,DNE,0,Lvl,4,Inside,0,NAmes,Norm,Norm,2fmCon,1Story,5,5,1958,1958,Gable,CompShg,MetalSd,MetalSd,DNE,0.0,3,3,CBlock,TA,TA,Av,Rec,532.0,Unf,456.0,988.0,GasA,3,Y,SBrkr,988,0,0,988,1.0,0.0,1,0,2,1,3,5,8,0,DNE,Attchd,1958.0,Unf,1.0,264.0,TA,TA,3,0,0,0,0,0,0,DNE,DNE,DNE,0,4,2010,WD ,119000
1028,60*,RL,0.0,12511,Pave,DNE,1,Lvl,4,Corner,0,NWAmes,Norm,Norm,1Fam,2Story,7,7,1978,1978,Mansard,WdShake,Plywood,Plywood,BrkFace,168.0,4,3,PConc,Gd,TA,No,ALQ,988.0,Unf,432.0,1420.0,GasA,5,Y,SBrkr,1420,1420,0,2840,0.0,1.0,2,1,4,1,4,8,6,2,Gd,Attchd,1978.0,Fin,4.0,1314.0,TA,Gd,3,0,16,0,0,208,0,DNE,MnPrv,DNE,0,12,2008,WD ,292500
2061,20*,RL,66.0,7742,Pave,DNE,0,Lvl,4,Inside,0,Sawyer,Norm,Norm,1Fam,1Story,5,7,1966,1966,Gable,CompShg,HdBoard,HdBoard,DNE,0.0,3,3,CBlock,TA,TA,No,BLQ,763.0,Unf,192.0,955.0,GasA,5,Y,SBrkr,955,0,0,955,1.0,0.0,1,0,3,1,3,6,8,0,DNE,Attchd,1966.0,Unf,1.0,386.0,TA,TA,3,0,0,0,0,0,0,DNE,MnPrv,DNE,0,1,2007,WD ,127000
1778,20*,RL,84.0,11670,Pave,DNE,1,Lvl,4,Corner,0,Somerst,RRNn,Norm,1Fam,1Story,9,5,2006,2006,Hip,CompShg,VinylSd,ImStucc,Stone,302.0,5,3,PConc,Ex,Gd,No,Unf,0.0,Unf,1905.0,1905.0,GasA,5,Y,SBrkr,1905,0,0,1905,0.0,0.0,2,0,3,1,5,8,8,1,Gd,Attchd,2006.0,Fin,3.0,788.0,TA,TA,3,0,191,0,0,0,0,DNE,DNE,DNE,0,3,2007,WD ,320000
2029,45*,RM,40.0,5680,Pave,Grvl,0,Lvl,4,Inside,0,OldTown,Norm,Norm,1Fam,1.5Fin,5,4,1901,1950,Gable,CompShg,AsbShng,AsbShng,DNE,0.0,3,3,CBlock,TA,TA,No,Unf,0.0,Unf,592.0,592.0,GasA,3,N,FuseA,933,240,0,1173,0.0,0.0,2,0,3,1,3,7,8,0,DNE,Detchd,1920.0,Unf,1.0,240.0,TA,Fa,3,0,25,77,0,0,0,DNE,MnPrv,DNE,0,9,2007,WD ,113000
2107,20*,RL,74.0,8556,Pave,DNE,0,Lvl,4,Inside,0,CollgCr,Norm,Norm,1Fam,1Story,7,5,2006,2006,Gable,CompShg,VinylSd,VinylSd,DNE,0.0,4,3,PConc,Gd,TA,Av,Unf,0.0,Unf,1240.0,1240.0,GasA,5,Y,SBrkr,1240,0,0,1240,0.0,0.0,2,0,2,1,4,5,8,0,DNE,Attchd,2006.0,RFn,3.0,826.0,TA,TA,3,140,93,0,0,0,0,DNE,DNE,DNE,0,5,2007,WD ,194000
1530,50*,RL,51.0,10480,Pave,DNE,0,Lvl,4,Inside,0,SWISU,Norm,Norm,1Fam,1.5Fin,6,5,1936,1950,Gable,CompShg,MetalSd,MetalSd,DNE,0.0,3,3,BrkTil,TA,TA,No,Unf,0.0,Unf,1064.0,1064.0,GasA,5,Y,FuseA,1166,0,473,1639,0.0,0.0,1,0,3,1,3,6,3,0,DNE,Detchd,1936.0,Unf,1.0,240.0,TA,TA,3,0,0,0,0,0,0,DNE,DNE,DNE,0,3,2008,WD ,115000
2824,20*,RL,75.0,8050,Pave,DNE,0,Lvl,4,Inside,0,Edwards,Norm,Norm,1Fam,1Story,6,5,2002,2002,Gable,CompShg,VinylSd,VinylSd,DNE,0.0,3,3,PConc,Gd,TA,Av,GLQ,475.0,ALQ,142.0,914.0,GasA,5,Y,SBrkr,914,0,0,914,1.0,0.0,1,0,2,1,4,4,8,0,DNE,DNE,1978.644525168656,DNE,0.0,0.0,DNE,DNE,1,32,0,0,0,0,0,DNE,DNE,DNE,0,4,2006,WD ,117250
764,90*,RL,60.0,10800,Pave,DNE,0,Lvl,4,Inside,0,Edwards,Norm,Norm,Duplex,1Story,5,5,1987,1988,Gable,CompShg,Plywood,Plywood,DNE,0.0,3,4,CBlock,Gd,Gd,Gd,GLQ,1200.0,Unf,0.0,1200.0,GasA,3,Y,SBrkr,1200,0,0,1200,3.0,0.0,3,0,3,1,3,5,8,0,DNE,DNE,1978.644525168656,DNE,0.0,0.0,DNE,DNE,3,120,0,0,0,0,0,DNE,DNE,DNE,0,3,2009,WD ,179000
1221,30*,RL,56.0,4130,Pave,DNE,1,Lvl,4,Inside,0,BrkSide,Norm,Norm,1Fam,1Story,3,6,1935,2003,Gable,CompShg,VinylSd,VinylSd,DNE,0.0,4,3,CBlock,TA,TA,No,Unf,0.0,Unf,270.0,270.0,GasA,4,Y,SBrkr,729,0,0,729,0.0,0.0,1,0,2,1,3,5,3,0,DNE,DNE,1978.644525168656,DNE,0.0,0.0,DNE,DNE,1,0,0,0,0,0,0,DNE,DNE,DNE,0,7,2008,WD ,52000
1350,30*,RM,60.0,6324,Pave,DNE,1,Lvl,4,Inside,0,BrkSide,Feedr,RRNn,1Fam,1Story,4,6,1927,1950,Gable,CompShg,MetalSd,MetalSd,DNE,0.0,3,3,BrkTil,TA,TA,No,Unf,0.0,Unf,520.0,520.0,GasA,2,N,SBrkr,520,0,0,520,0.0,0.0,1,0,1,1,2,4,8,0,DNE,Detchd,1920.0,Unf,1.0,240.0,Fa,TA,3,49,0,87,0,0,0,DNE,DNE,DNE,0,5,2008,WD ,68500
2884,120*,RM,41.0,5748,Pave,DNE,1,HLS,4,Inside,1,Crawfor,Norm,Norm,TwnhsE,1Story,8,5,2005,2006,Hip,CompShg,CemntBd,CmentBd,Stone,473.0,4,3,PConc,Ex,TA,Gd,GLQ,1573.0,Unf,0.0,1573.0,GasA,5,Y,SBrkr,1778,0,0,1778,2.0,0.0,2,0,2,1,5,5,8,1,Gd,Attchd,2005.0,Fin,2.0,495.0,TA,TA,3,123,53,0,0,153,0,DNE,DNE,DNE,0,2,2006,New,375000
1800,60*,FV,112.0,12217,Pave,DNE,1,Lvl,4,Inside,0,Somerst,Norm,Norm,1Fam,2Story,8,5,2007,2007,Hip,CompShg,WdShing,Wd Shng,DNE,0.0,4,3,PConc,Ex,TA,Av,GLQ,745.0,Unf,210.0,955.0,GasA,5,Y,SBrkr,955,925,0,1880,1.0,0.0,2,1,3,1,5,8,8,1,Gd,Attchd,2007.0,Fin,3.0,880.0,TA,TA,3,168,127,0,0,0,0,DNE,DNE,DNE,0,12,2007,New,310013
724,50*,RM,98.0,8820,Pave,DNE,0,Lvl,4,Corner,0,OldTown,Norm,Norm,1Fam,1.5Fin,5,6,1890,1996,Hip,CompShg,VinylSd,VinylSd,DNE,0.0,3,3,BrkTil,TA,TA,No,LwQ,1088.0,Unf,0.0,1088.0,GasA,3,Y,SBrkr,1188,561,120,1869,0.0,0.0,1,0,2,1,3,7,8,0,DNE,Detchd,1963.0,Unf,2.0,456.0,TA,TA,3,48,0,244,0,0,0,DNE,MnWw,DNE,0,9,2009,WD ,124900
1098,60*,RL,77.0,8390,Pave,DNE,1,Lvl,4,Inside,0,Gilbert,Norm,Norm,1Fam,2Story,7,5,1999,1999,Gable,CompShg,VinylSd,VinylSd,DNE,0.0,3,3,PConc,Gd,TA,No,Unf,0.0,Unf,831.0,831.0,GasA,5,Y,SBrkr,873,778,0,1651,0.0,0.0,2,1,3,1,3,7,8,1,TA,BuiltIn,1999.0,Fin,2.0,450.0,TA,TA,3,0,103,0,0,0,0,DNE,DNE,DNE,0,5,2008,WD ,185900
392,80*,RL,0.0,10448,Pave,DNE,1,Lvl,4,Corner,0,NWAmes,Norm,Norm,1Fam,SLvl,6,6,1972,1972,Gable,CompShg,HdBoard,HdBoard,BrkFace,333.0,3,3,CBlock,TA,TA,No,Unf,0.0,Unf,689.0,689.0,GasA,3,Y,SBrkr,1378,741,0,2119,0.0,0.0,2,1,3,1,3,7,8,1,TA,Attchd,1972.0,RFn,2.0,583.0,TA,TA,3,0,104,0,0,0,0,DNE,GdPrv,DNE,0,8,2009,COD,158000
232,20*,RL,60.0,9600,Pave,DNE,0,Lvl,4,Inside,0,Sawyer,Norm,Norm,1Fam,1Story,4,7,1950,1995,Gable,CompShg,VinylSd,HdBoard,DNE,0.0,3,3,CBlock,Gd,TA,No,BLQ,442.0,Unf,625.0,1067.0,GasA,3,Y,SBrkr,1067,0,0,1067,0.0,0.0,2,0,2,1,4,4,6,0,DNE,Attchd,1996.0,Unf,2.0,436.0,TA,TA,3,290,0,0,0,0,0,DNE,DNE,DNE,0,2,2010,WD ,128000
975,20*,RL,62.0,9858,Pave,DNE,0,Lvl,4,Inside,0,Mitchel,Norm,Norm,1Fam,1Story,5,6,1968,1968,Gable,CompShg,HdBoard,HdBoard,DNE,0.0,3,3,CBlock,TA,TA,No,BLQ,510.0,Unf,354.0,864.0,GasA,3,Y,SBrkr,874,0,0,874,1.0,0.0,1,0,3,1,3,5,8,0,DNE,Attchd,1968.0,RFn,1.0,288.0,TA,TA,3,33,0,0,0,0,0,DNE,GdWo,Shed,600,11,2009,WD ,130000
2179,20*,RL,60.0,7024,Pave,DNE,0,Lvl,4,Inside,0,Edwards,Norm,Norm,1Fam,1Story,5,5,2005,2006,Gable,CompShg,VinylSd,VinylSd,DNE,0.0,3,3,PConc,Ex,Gd,No,ALQ,980.0,Unf,110.0,1090.0,GasA,4,Y,SBrkr,1090,0,0,1090,1.0,0.0,1,1,2,1,3,5,8,0,DNE,Attchd,2005.0,Fin,2.0,450.0,TA,TA,3,0,49,0,0,0,0,DNE,DNE,DNE,0,6,2007,WD ,157000
2890,80*,RL,140.0,11080,Pave,DNE,0,Lvl,4,Corner,0,Mitchel,Norm,Norm,1Fam,SLvl,6,6,1975,1975,Gable,CompShg,Plywood,Plywood,BrkFace,257.0,3,3,CBlock,TA,TA,Av,GLQ,576.0,Unf,552.0,1128.0,GasA,3,Y,SBrkr,1210,0,0,1210,1.0,0.0,2,0,3,1,3,6,8,0,DNE,Attchd,1975.0,Unf,2.0,528.0,TA,TA,3,0,0,0,0,0,0,DNE,DNE,DNE,0,5,2006,WD ,148000
1330,40*,RM,50.0,9100,Pave,DNE,0,Lvl,4,Inside,0,BrkSide,RRAn,Feedr,1Fam,1Story,5,6,1930,1960,Gable,CompShg,VinylSd,VinylSd,DNE,0.0,3,3,BrkTil,TA,TA,No,Unf,0.0,Unf,742.0,742.0,GasA,3,Y,FuseA,779,0,156,935,0.0,0.0,1,0,2,1,3,4,8,0,DNE,Detchd,1988.0,Unf,1.0,308.0,TA,TA,2,0,0,0,0,0,0,DNE,DNE,Shed,600,8,2008,WD ,79500
458,20*,RL,117.0,15262,Pave,DNE,1,Lvl,4,Corner,0,NridgHt,Norm,Norm,1Fam,1Story,8,5,2003,2004,Hip,CompShg,VinylSd,VinylSd,BrkFace,470.0,4,3,PConc,Ex,TA,Gd,GLQ,1557.0,Unf,643.0,2200.0,GasA,5,Y,SBrkr,2200,0,0,2200,1.0,0.0,2,1,3,1,5,8,8,1,Gd,Attchd,2003.0,Fin,3.0,685.0,TA,TA,3,208,55,0,0,0,0,DNE,DNE,DNE,0,7,2009,WD ,382500
441,20*,RL,77.0,10872,Pave,DNE,1,Lvl,4,Inside,0,NridgHt,Norm,Norm,1Fam,1Story,9,5,2006,2006,Gable,CompShg,VinylSd,VinylSd,Stone,122.0,4,3,PConc,Ex,Gd,Av,GLQ,1037.0,Unf,467.0,1504.0,GasA,5,Y,SBrkr,1531,0,0,1531,1.0,0.0,2,0,2,1,5,6,8,1,Gd,Attchd,2006.0,Fin,3.0,700.0,TA,TA,3,184,52,0,0,0,0,DNE,DNE,DNE,0,2,2009,WD ,300000
1168,120*,FV,0.0,4765,Pave,DNE,1,Lvl,4,Inside,0,Somerst,Norm,Norm,TwnhsE,1Story,9,5,2000,2000,Hip,CompShg,MetalSd,MetalSd,BrkFace,260.0,4,3,PConc,Gd,TA,Av,GLQ,1027.0,Unf,587.0,1614.0,GasA,5,Y,SBrkr,1638,0,0,1638,1.0,0.0,2,0,2,1,5,5,8,1,TA,Attchd,2000.0,Fin,2.0,495.0,TA,TA,3,230,68,0,0,0,0,DNE,DNE,DNE,0,7,2008,WD ,300000
2842,50*,RL,45.0,8248,Pave,Grvl,0,Lvl,4,Inside,0,Edwards,Norm,Norm,1Fam,1.5Fin,4,4,1922,1950,Gable,CompShg,Wd Sdng,Wd Sdng,DNE,0.0,3,3,BrkTil,TA,TA,No,Unf,0.0,Unf,864.0,864.0,GasA,3,N,SBrkr,964,0,450,1414,0.0,0.0,1,0,3,1,3,8,8,1,Gd,DNE,1978.644525168656,DNE,0.0,0.0,DNE,DNE,1,0,0,112,0,0,0,DNE,DNE,DNE,0,9,2006,COD,83000
1982,50*,RM,120.0,9000,Pave,DNE,0,Lvl,4,Corner,0,OldTown,Norm,Norm,1Fam,1.5Fin,5,8,1900,2006,Gable,CompShg,Stucco,Stucco,DNE,0.0,3,3,BrkTil,TA,Fa,No,BLQ,130.0,Unf,550.0,680.0,GasA,5,Y,SBrkr,680,494,0,1174,0.0,0.0,1,0,2,1,4,6,8,1,Gd,Detchd,2000.0,Unf,2.0,576.0,TA,TA,3,116,26,40,0,0,0,DNE,MnPrv,DNE,0,6,2007,WD ,135000
714,70*,RM,60.0,9600,Pave,DNE,0,Lvl,4,Inside,0,OldTown,Norm,Norm,1Fam,2Story,4,4,1910,1950,Gable,CompShg,VinylSd,VinylSd,DNE,0.0,4,4,BrkTil,Fa,TA,No,Unf,0.0,Unf,677.0,677.0,GasA,3,Y,SBrkr,833,677,0,1510,0.0,0.0,2,0,3,1,4,7,8,0,DNE,Detchd,1974.0,Unf,2.0,720.0,TA,TA,1,0,0,160,0,0,0,DNE,DNE,DNE,0,6,2009,WD ,87500
1076,120*,RL,48.0,6240,Pave,DNE,0,Lvl,4,Inside,0,NridgHt,Norm,Norm,TwnhsE,1Story,8,5,2006,2007,Hip,CompShg,MetalSd,MetalSd,BrkFace,176.0,4,3,PConc,Gd,TA,No,GLQ,846.0,Unf,496.0,1342.0,GasA,5,Y,SBrkr,1342,0,0,1342,1.0,0.0,2,0,2,1,4,6,8,1,Gd,Attchd,2007.0,Fin,2.0,550.0,TA,TA,3,0,35,0,0,0,0,DNE,DNE,DNE,0,6,2008,WD ,234250
204,70*,RM,60.0,12900,Pave,Grvl,0,Lvl,4,Inside,0,OldTown,Norm,Norm,1Fam,2Story,6,8,1912,2009,Gable,CompShg,Wd Sdng,Wd Sdng,DNE,0.0,4,4,PConc,TA,TA,No,Unf,0.0,Unf,780.0,780.0,GasA,5,Y,SBrkr,780,780,0,1560,0.0,0.0,1,1,3,1,4,7,8,0,DNE,DNE,1978.644525168656,DNE,0.0,0.0,DNE,DNE,1,344,0,0,0,168,0,DNE,DNE,DNE,0,5,2010,WD ,159900
1622,80*,RL,0.0,10147,Pave,DNE,1,Lvl,4,CulDSac,0,Gilbert,Norm,Norm,1Fam,SLvl,6,5,1994,1994,Gable,CompShg,HdBoard,HdBoard,BrkFace,32.0,3,3,PConc,Gd,TA,No,LwQ,186.0,Unf,206.0,392.0,GasA,4,Y,SBrkr,924,770,0,1694,0.0,0.0,2,1,3,1,3,7,8,1,TA,BuiltIn,1994.0,Fin,2.0,398.0,TA,TA,3,256,64,0,0,0,0,DNE,MnPrv,DNE,0,3,2007,WD ,160000
245,60*,RL,77.0,9206,Pave,DNE,0,Lvl,4,Inside,0,SawyerW,Norm,Norm,1Fam,2Story,6,5,1985,1985,Gable,CompShg,HdBoard,HdBoard,BrkFace,336.0,4,3,CBlock,Gd,TA,No,Unf,0.0,Unf,741.0,741.0,GasA,3,Y,SBrkr,977,755,0,1732,0.0,0.0,2,1,3,1,4,7,8,1,TA,Attchd,1985.0,Fin,2.0,476.0,TA,TA,3,192,46,0,0,0,0,DNE,DNE,DNE,0,6,2010,WD ,178000
969,20*,RL,85.0,12633,Pave,DNE,1,HLS,4,Inside,0,Timber,Norm,Norm,1Fam,1Story,9,5,2007,2007,Hip,CompShg,CemntBd,CmentBd,Stone,290.0,5,3,PConc,Ex,TA,Gd,GLQ,1640.0,Unf,338.0,1978.0,GasA,5,Y,SBrkr,1978,0,0,1978,1.0,0.0,2,0,2,1,5,7,8,1,Gd,Attchd,2007.0,Fin,3.0,920.0,TA,TA,3,308,52,0,0,0,0,DNE,DNE,DNE,0,5,2009,WD ,425000
1852,60*,FV,0.0,8010,Pave,Pave,1,Lvl,4,Inside,0,Somerst,Norm,Norm,1Fam,2Story,8,5,2003,2004,Hip,CompShg,CemntBd,CmentBd,DNE,0.0,4,3,PConc,Ex,TA,No,GLQ,964.0,Unf,90.0,1054.0,GasA,5,Y,SBrkr,1072,976,0,2048,1.0,0.0,2,1,3,1,4,8,8,2,Gd,Detchd,2003.0,Unf,2.0,552.0,TA,TA,3,0,48,0,0,180,0,DNE,DNE,DNE,0,8,2007,WD ,301000
1703,60*,RL,134.0,16659,Pave,DNE,1,Lvl,4,Corner,0,NridgHt,Norm,Norm,1Fam,2Story,8,5,2007,2008,Gable,CompShg,VinylSd,VinylSd,DNE,0.0,4,3,PConc,Gd,TA,No,Unf,0.0,Unf,1582.0,1582.0,GasA,5,Y,SBrkr,1582,570,0,2152,0.0,0.0,2,1,3,1,4,7,8,1,Gd,Detchd,2007.0,Unf,2.0,728.0,TA,TA,3,0,368,0,0,0,0,DNE,DNE,DNE,0,6,2007,New,260116
2735,20*,RL,78.0,7800,Pave,DNE,0,Bnk,4,Inside,1,Edwards,Norm,Norm,1Fam,2Story,5,8,1948,2002,Gable,CompShg,MetalSd,MetalSd,DNE,0.0,3,4,CBlock,TA,Gd,No,GLQ,603.0,Unf,293.0,896.0,GasA,5,Y,SBrkr,1112,896,0,2008,1.0,0.0,3,0,3,1,5,8,8,0,DNE,Attchd,1948.0,Unf,1.0,230.0,TA,TA,3,103,0,0,0,0,0,DNE,DNE,DNE,0,8,2006,WD ,225000
2740,20*,RL,80.0,12048,Pave,DNE,0,Lvl,4,Inside,0,Edwards,Norm,Norm,1Fam,1Story,5,6,1952,2002,Gable,CompShg,Wd Sdng,Wd Sdng,BrkFace,232.0,3,3,Slab,DNE,DNE,DNE,DNE,0.0,DNE,0.0,0.0,GasA,4,Y,SBrkr,1488,0,0,1488,0.0,0.0,1,0,3,1,3,7,8,1,Ex,Attchd,2002.0,RFn,2.0,569.0,TA,TA,3,0,189,36,0,348,0,DNE,DNE,DNE,0,4,2006,WD ,135000
2176,20*,RL,0.0,7917,Pave,DNE,1,Lvl,4,Corner,0,Edwards,Norm,Norm,1Fam,1Story,6,7,1976,1976,Hip,CompShg,HdBoard,HdBoard,BrkFace,174.0,3,4,CBlock,TA,Gd,No,BLQ,751.0,Unf,392.0,1143.0,GasA,3,Y,SBrkr,1113,0,0,1113,1.0,0.0,1,1,3,1,3,6,8,1,Fa,Attchd,1987.0,RFn,1.0,504.0,TA,Gd,3,370,30,0,0,0,0,DNE,GdPrv,DNE,0,5,2007,WD ,148000
2471,20*,RL,74.0,7733,Pave,DNE,1,Lvl,4,Inside,0,SawyerW,Norm,Norm,1Fam,1Story,6,5,2005,2005,Gable,CompShg,VinylSd,VinylSd,DNE,0.0,3,3,PConc,TA,TA,Mn,GLQ,24.0,Unf,1118.0,1142.0,GasA,5,Y,SBrkr,1142,0,0,1142,0.0,0.0,1,1,3,1,4,5,8,0,DNE,DNE,1978.644525168656,DNE,0.0,0.0,DNE,DNE,3,4,50,0,0,0,0,DNE,DNE,DNE,0,1,2006,WD ,139500
325,90*,RL,94.0,9400,Pave,DNE,0,Low,4,Corner,0,Mitchel,Norm,Norm,Duplex,2Story,6,5,1971,1971,Mansard,CompShg,MetalSd,Wd Shng,DNE,0.0,3,3,CBlock,TA,TA,Av,Unf,0.0,Unf,912.0,912.0,GasA,3,Y,SBrkr,912,912,0,1824,0.0,0.0,2,2,4,2,3,8,8,0,DNE,DNE,1978.644525168656,DNE,0.0,0.0,DNE,DNE,3,128,0,0,0,0,0,DNE,DNE,DNE,0,4,2010,WD ,139000
1072,120*,RL,135.0,12304,Pave,DNE,3,Lvl,4,Corner,0,NridgHt,Norm,Norm,TwnhsE,1Story,7,5,2005,2005,Gable,CompShg,VinylSd,VinylSd,Stone,144.0,4,3,PConc,Gd,TA,No,GLQ,20.0,Unf,1347.0,1367.0,GasA,5,Y,SBrkr,1367,0,0,1367,0.0,0.0,2,0,2,1,4,6,8,1,Gd,Attchd,2005.0,RFn,2.0,484.0,TA,TA,3,0,33,0,0,0,0,DNE,DNE,DNE,0,6,2008,WD ,192000
231,30*,RL,94.0,9259,Pave,DNE,0,Lvl,4,Corner,0,Sawyer,Feedr,Norm,1Fam,1Story,4,4,1927,1950,Gable,CompShg,Wd Sdng,Wd Sdng,DNE,0.0,3,3,BrkTil,Fa,TA,No,Unf,0.0,Unf,660.0,660.0,GasA,3,N,SBrkr,756,0,0,756,0.0,0.0,1,0,2,1,3,4,8,0,DNE,Detchd,1945.0,Unf,2.0,440.0,TA,TA,1,80,0,0,0,0,0,DNE,DNE,DNE,0,6,2010,WD ,85000
535,20*,RL,63.0,7500,Pave,DNE,0,Lvl,4,Inside,0,SawyerW,Norm,Norm,1Fam,1Story,7,5,2006,2006,Gable,CompShg,VinylSd,VinylSd,DNE,0.0,4,3,PConc,Gd,Gd,No,GLQ,54.0,Unf,1087.0,1141.0,GasA,5,Y,SBrkr,1141,0,0,1141,1.0,0.0,1,1,3,1,4,6,8,0,DNE,Detchd,2006.0,RFn,2.0,484.0,TA,TA,3,182,0,0,0,0,0,DNE,DNE,DNE,0,6,2009,WD ,152000
2282,90*,RL,100.0,25000,Pave,DNE,0,Low,4,Inside,0,Mitchel,Norm,Norm,Duplex,1Story,5,4,1967,1967,Gable,CompShg,HdBoard,Plywood,DNE,0.0,3,3,CBlock,TA,TA,Av,Unf,0.0,Unf,1632.0,1632.0,GasA,3,Y,SBrkr,1632,0,0,1632,0.0,0.0,2,0,4,2,3,8,8,0,DNE,Attchd,1967.0,Unf,2.0,576.0,TA,TA,2,0,0,0,0,0,0,DNE,DNE,DNE,0,6,2007,WD ,143000
417,160*,RL,24.0,2364,Pave,DNE,0,Lvl,4,Inside,0,NPkVill,Norm,Norm,TwnhsE,2Story,6,5,1978,1978,Gable,CompShg,Plywood,Brk Cmn,DNE,0.0,4,3,CBlock,Gd,TA,No,ALQ,279.0,Unf,576.0,855.0,GasA,3,Y,SBrkr,855,601,0,1456,0.0,0.0,2,1,3,1,3,6,8,1,TA,Attchd,1978.0,Fin,2.0,440.0,TA,TA,3,147,0,0,0,0,0,DNE,DNE,DNE,0,4,2009,WD ,138000
1247,20*,RL,102.0,9373,Pave,DNE,1,Lvl,4,Corner,0,NAmes,Norm,Norm,1Fam,1Story,5,6,1953,1953,Gable,CompShg,MetalSd,MetalSd,BrkFace,84.0,3,3,CBlock,TA,TA,No,Rec,500.0,LwQ,456.0,1152.0,GasA,3,Y,SBrkr,1152,0,0,1152,0.0,0.0,1,1,3,1,3,6,8,0,DNE,Detchd,1971.0,Unf,2.0,636.0,TA,TA,3,0,0,0,0,0,0,DNE,DNE,DNE,0,5,2008,WD ,137500
1486,30*,RL,67.0,8777,Pave,DNE,0,Lvl,4,Inside,0,Edwards,Feedr,Norm,1Fam,1Story,5,7,1910,1950,Gable,CompShg,MetalSd,Wd Sdng,DNE,0.0,3,3,CBlock,Fa,TA,No,Unf,0.0,Unf,796.0,796.0,GasA,4,Y,FuseA,796,0,0,796,0.0,0.0,1,0,2,1,3,4,8,0,DNE,DNE,1978.644525168656,DNE,0.0,0.0,DNE,DNE,2,328,0,164,0,0,0,DNE,MnPrv,DNE,0,5,2008,WD ,85000
1710,60*,RL,110.0,14277,Pave,DNE,0,Lvl,4,Inside,0,NridgHt,Norm,Norm,1Fam,2Story,8,5,2003,2003,Gable,CompShg,VinylSd,VinylSd,BrkFace,280.0,4,3,PConc,Ex,TA,Mn,GLQ,938.0,Unf,379.0,1317.0,GasA,5,Y,SBrkr,1217,1168,0,2385,1.0,0.0,2,1,3,1,4,7,8,1,Gd,Attchd,2003.0,Fin,3.0,818.0,TA,TA,3,192,228,0,0,0,0,DNE,DNE,DNE,0,1,2007,WD ,350000
1378,20*,RL,70.0,11200,Pave,DNE,0,Lvl,4,Inside,0,Sawyer,Norm,Norm,1Fam,1Story,5,5,1965,1965,Hip,CompShg,HdBoard,HdBoard,DNE,0.0,3,3,CBlock,TA,TA,No,Rec,906.0,Unf,134.0,1040.0,GasA,5,Y,SBrkr,1040,0,0,1040,1.0,0.0,1,0,3,1,3,5,8,0,DNE,Detchd,1965.0,Unf,1.0,384.0,TA,TA,3,0,0,0,0,0,0,DNE,DNE,DNE,0,2,2008,WD ,129500
2560,20*,RL,89.0,10858,Pave,DNE,0,Lvl,4,Corner,0,NAmes,Feedr,Norm,1Fam,1Story,5,6,1952,1952,Gable,CompShg,Wd Sdng,Plywood,Stone,150.0,3,4,CBlock,TA,TA,Mn,LwQ,40.0,Unf,1404.0,1444.0,GasA,5,Y,SBrkr,1624,0,0,1624,1.0,0.0,1,0,2,1,3,6,7,1,Gd,Attchd,1952.0,RFn,1.0,240.0,TA,TA,3,0,40,324,0,0,0,DNE,MnPrv,DNE,0,7,2006,WD ,146500
1217,20*,RL,80.0,10721,Pave,DNE,1,Lvl,4,Inside,0,NAmes,Norm,Norm,1Fam,1Story,6,6,1959,1959,Hip,CompShg,HdBoard,HdBoard,Stone,243.0,4,3,CBlock,TA,TA,No,Unf,0.0,Unf,1252.0,1252.0,GasA,5,Y,SBrkr,1252,0,0,1252,0.0,0.0,1,0,3,1,4,7,8,0,DNE,Detchd,1960.0,Unf,2.0,528.0,TA,TA,3,0,39,0,0,0,0,DNE,DNE,DNE,0,10,2008,WD ,142000
994,60*,RL,65.0,8139,Pave,DNE,0,Lvl,4,Inside,0,Gilbert,Norm,Norm,1Fam,2Story,6,5,1995,1996,Gable,CompShg,VinylSd,VinylSd,BrkFace,119.0,3,3,PConc,Gd,TA,No,ALQ,476.0,Unf,204.0,680.0,GasA,4,Y,SBrkr,680,790,0,1470,0.0,0.0,2,1,3,1,3,7,8,1,TA,BuiltIn,1995.0,Fin,2.0,420.0,TA,TA,3,192,49,0,0,0,0,DNE,DNE,DNE,0,10,2008,WD ,165000
1870,60*,RL,78.0,10530,Pave,DNE,0,Lvl,4,Inside,0,NWAmes,Norm,Norm,1Fam,2Story,7,6,1993,1993,Gable,CompShg,MetalSd,MetalSd,BrkFace,194.0,4,3,PConc,Gd,TA,No,GLQ,819.0,Unf,329.0,1148.0,GasA,5,Y,SBrkr,1091,984,0,2075,1.0,0.0,2,1,3,1,4,8,8,1,Gd,Attchd,1993.0,Unf,2.0,473.0,TA,TA,3,235,86,0,0,0,0,DNE,DNE,DNE,0,8,2007,WD ,255000
1875,20*,RL,70.0,8050,Pave,DNE,0,Lvl,4,Inside,0,NAmes,Norm,Norm,1Fam,1Story,5,6,1967,1993,Gable,CompShg,MetalSd,MetalSd,DNE,0.0,3,3,CBlock,TA,TA,No,ALQ,474.0,BLQ,437.0,949.0,GasA,3,Y,SBrkr,1107,0,0,1107,1.0,0.0,1,0,3,1,4,5,8,0,DNE,Attchd,1967.0,RFn,1.0,308.0,TA,TA,3,88,64,0,0,0,0,DNE,DNE,DNE,0,3,2007,WD ,127000
2813,20*,RL,65.0,8772,Pave,DNE,0,Lvl,4,FR2,0,CollgCr,Norm,Norm,1Fam,1Story,7,5,2005,2006,Gable,CompShg,VinylSd,VinylSd,DNE,0.0,4,3,PConc,Gd,TA,Mn,GLQ,996.0,Unf,340.0,1336.0,GasA,5,Y,SBrkr,1336,0,0,1336,1.0,0.0,2,0,3,1,4,6,8,0,DNE,Attchd,2005.0,Unf,2.0,502.0,TA,TA,3,136,43,0,0,0,0,DNE,DNE,DNE,0,9,2006,New,198000
151,20*,RL,119.0,10895,Pave,DNE,0,Lvl,4,Corner,0,NAmes,Norm,Norm,1Fam,1Story,5,6,1955,1955,Gable,CompShg,MetalSd,MetalSd,DNE,0.0,3,4,CBlock,TA,TA,No,Rec,648.0,Unf,324.0,972.0,GasA,3,Y,SBrkr,972,0,0,972,0.0,0.0,1,0,3,1,3,5,8,0,DNE,Attchd,1955.0,Unf,1.0,305.0,TA,TA,3,0,0,205,0,0,0,DNE,GdWo,DNE,0,6,2010,WD ,122500
836,20*,RL,82.0,12464,Pave,DNE,2,Low,4,Corner,1,CollgCr,Norm,Norm,1Fam,1Story,5,5,1996,1996,Gable,CompShg,VinylSd,VinylSd,DNE,0.0,3,4,PConc,Gd,TA,No,GLQ,732.0,Unf,308.0,1040.0,GasA,4,Y,SBrkr,1040,0,0,1040,1.0,0.0,1,0,3,1,4,6,8,0,DNE,Detchd,2000.0,Unf,2.0,576.0,TA,TA,3,168,0,0,0,0,0,DNE,GdPrv,DNE,0,11,2009,WD ,152000
2918,160*,RM,21.0,1533,Pave,DNE,0,Lvl,4,Inside,0,MeadowV,Norm,Norm,Twnhs,2Story,4,5,1970,1970,Gable,CompShg,CemntBd,CmentBd,DNE,0.0,3,3,CBlock,TA,TA,No,Rec,408.0,Unf,138.0,546.0,GasA,3,Y,SBrkr,546,546,0,1092,0.0,0.0,1,1,3,1,3,5,8,0,DNE,CarPort,1970.0,Unf,1.0,286.0,TA,TA,3,0,0,0,0,0,0,DNE,DNE,DNE,0,12,2006,WD ,87550
746,50*,RM,51.0,6120,Pave,DNE,0,Lvl,4,Inside,0,BrkSide,Norm,Norm,1Fam,1.5Fin,5,6,1938,1950,Gable,CompShg,Wd Sdng,Wd Sdng,DNE,0.0,3,3,BrkTil,TA,Fa,No,LwQ,273.0,Unf,679.0,952.0,GasA,3,Y,FuseA,994,588,0,1582,0.0,0.0,2,0,3,1,3,6,8,1,Gd,Detchd,1938.0,Unf,1.0,250.0,Fa,TA,3,189,0,34,150,0,0,DNE,DNE,DNE,0,2,2009,WD ,150000
